-- MySQL dump 10.13  Distrib 9.6.0, for macos26.3 (arm64)
--
-- Host: localhost    Database: koperasi_desa_sukadalem
-- ------------------------------------------------------
-- Server version	9.6.0

/*!40101 SET @OLD_CHARACTER_SET_CLIENT=@@CHARACTER_SET_CLIENT */;
/*!40101 SET @OLD_CHARACTER_SET_RESULTS=@@CHARACTER_SET_RESULTS */;
/*!40101 SET @OLD_COLLATION_CONNECTION=@@COLLATION_CONNECTION */;
/*!50503 SET NAMES utf8mb4 */;
/*!40103 SET @OLD_TIME_ZONE=@@TIME_ZONE */;
/*!40103 SET TIME_ZONE='+00:00' */;
/*!40014 SET @OLD_UNIQUE_CHECKS=@@UNIQUE_CHECKS, UNIQUE_CHECKS=0 */;
/*!40014 SET @OLD_FOREIGN_KEY_CHECKS=@@FOREIGN_KEY_CHECKS, FOREIGN_KEY_CHECKS=0 */;
/*!40101 SET @OLD_SQL_MODE=@@SQL_MODE, SQL_MODE='NO_AUTO_VALUE_ON_ZERO' */;
/*!40111 SET @OLD_SQL_NOTES=@@SQL_NOTES, SQL_NOTES=0 */;

--
-- Table structure for table `anggota`
--

DROP TABLE IF EXISTS `anggota`;
/*!40101 SET @saved_cs_client     = @@character_set_client */;
/*!50503 SET character_set_client = utf8mb4 */;
CREATE TABLE `anggota` (
  `id` int NOT NULL AUTO_INCREMENT,
  `nik` varchar(20) NOT NULL,
  `nama_lengkap` varchar(100) NOT NULL,
  `email` varchar(100) DEFAULT NULL,
  `nomor_telepon` varchar(20) NOT NULL,
  `status` enum('active','nonactive') DEFAULT 'active',
  `created_at` timestamp NULL DEFAULT CURRENT_TIMESTAMP,
  PRIMARY KEY (`id`),
  UNIQUE KEY `nik` (`nik`)
) ENGINE=InnoDB AUTO_INCREMENT=101 DEFAULT CHARSET=utf8mb4 COLLATE=utf8mb4_0900_ai_ci;
/*!40101 SET character_set_client = @saved_cs_client */;

--
-- Dumping data for table `anggota`
--

LOCK TABLES `anggota` WRITE;
/*!40000 ALTER TABLE `anggota` DISABLE KEYS */;
INSERT INTO `anggota` VALUES (1,'0000000000000001','Andi Saputra','andisaputra@gmail.com','081234567001','active','2026-05-17 02:00:56'),(2,'0000000000000002','Budi Santoso','budisantoso@gmail.com','081234567002','active','2026-05-17 02:00:56'),(3,'0000000000000003','Citra Lestari','citralestari@gmail.com','081234567003','active','2026-05-17 02:00:56'),(4,'0000000000000004','Dedi Kurniawan','dedikurniawan@gmail.com','081234567004','active','2026-05-17 02:00:57'),(5,'0000000000000005','Eka Pratama','ekapratama@gmail.com','081234567005','active','2026-05-17 02:00:57'),(6,'0000000000000006','Fitri Handayani','fitrihandayani@gmail.com','081234567006','active','2026-05-17 02:00:57'),(7,'0000000000000007','Gita Permatasari','gitapermatasari@gmail.com','081234567007','active','2026-05-17 02:00:57'),(8,'0000000000000008','Hendra Wijaya','hendrawijaya@gmail.com','081234567008','active','2026-05-17 02:00:57'),(9,'0000000000000009','Indah Puspita','indahpuspita@gmail.com','081234567009','active','2026-05-17 02:00:57'),(10,'0000000000000010','Joko Susilo','jokosusilo@gmail.com','081234567010','active','2026-05-17 02:00:58'),(11,'0000000000000011','Kartika Sari','kartikasari@gmail.com','081234567011','active','2026-05-17 02:00:58'),(12,'0000000000000012','Luki Firmansyah','lukifirmansyah@gmail.com','081234567012','active','2026-05-17 02:00:58'),(13,'0000000000000013','Maya Anggraini','mayaanggraini@gmail.com','081234567013','active','2026-05-17 02:00:58'),(14,'0000000000000014','Nanda Putra','nandaputra@gmail.com','081234567014','active','2026-05-17 02:00:58'),(15,'0000000000000015','Oki Ramadhan','okiramadhan@gmail.com','081234567015','active','2026-05-17 02:00:58'),(16,'0000000000000016','Putri Maharani','putrimaharani@gmail.com','081234567016','active','2026-05-17 02:00:59'),(17,'0000000000000017','Rian Hidayat','rianhidayat@gmail.com','081234567017','active','2026-05-17 02:00:59'),(18,'0000000000000018','Sinta Nurhaliza','sintanurhaliza@gmail.com','081234567018','active','2026-05-17 02:00:59'),(19,'0000000000000019','Taufik Akbar','taufikakbar@gmail.com','081234567019','active','2026-05-17 02:00:59'),(20,'0000000000000020','Umi Kalsum','umikalsum@gmail.com','081234567020','active','2026-05-17 02:00:59'),(21,'0000000000000021','Vina Amalia','vinaamalia@gmail.com','081234567021','active','2026-05-17 02:01:01'),(22,'0000000000000022','Wahyu Nugroho','wahyunugroho@gmail.com','081234567022','active','2026-05-17 02:01:02'),(23,'0000000000000023','Yuni Astuti','yuniastuti@gmail.com','081234567023','active','2026-05-17 02:01:02'),(24,'0000000000000024','Zaki Maulana','zakimaulana@gmail.com','081234567024','active','2026-05-17 02:01:02'),(25,'0000000000000025','Aditya Prakoso','adityaprakoso@gmail.com','081234567025','active','2026-05-17 02:01:02'),(26,'0000000000000026','Bella Safitri','bellasafitri@gmail.com','081234567026','active','2026-05-17 02:01:02'),(27,'0000000000000027','Chandra Irawan','chandrairawan@gmail.com','081234567027','active','2026-05-17 02:01:02'),(28,'0000000000000028','Dewi Sartika','dewisartika@gmail.com','081234567028','active','2026-05-17 02:01:03'),(29,'0000000000000029','Eko Purnomo','ekopurnomo@gmail.com','081234567029','active','2026-05-17 02:01:03'),(30,'0000000000000030','Fajar Nugraha','fajarnugraha@gmail.com','081234567030','active','2026-05-17 02:01:03'),(31,'0000000000000031','Gina Marlina','ginamarlina@gmail.com','081234567031','active','2026-05-17 02:01:03'),(32,'0000000000000032','Hari Setiawan','harisetiawan@gmail.com','081234567032','active','2026-05-17 02:01:03'),(33,'0000000000000033','Intan Permata','intanpermata@gmail.com','081234567033','active','2026-05-17 02:01:04'),(34,'0000000000000034','Johan Ardiansyah','johanardiansyah@gmail.com','081234567034','active','2026-05-17 02:01:04'),(35,'0000000000000035','Kiki Amelia','kikiamelia@gmail.com','081234567035','active','2026-05-17 02:01:04'),(36,'0000000000000036','Lestari Wulandari','lestariwulandari@gmail.com','081234567036','active','2026-05-17 02:01:04'),(37,'0000000000000037','Maman Suherman','mamansuherman@gmail.com','081234567037','active','2026-05-17 02:01:04'),(38,'0000000000000038','Nia Ramadhani','niaramadhani@gmail.com','081234567038','active','2026-05-17 02:01:04'),(39,'0000000000000039','Oscar Maulana','oscarmaulana@gmail.com','081234567039','active','2026-05-17 02:01:05'),(40,'0000000000000040','Pipit Lestari','pipitlestari@gmail.com','081234567040','active','2026-05-17 02:01:05'),(41,'0000000000000041','Qori Maulida','qorimaulida@gmail.com','081234567041','active','2026-05-17 02:01:05'),(42,'0000000000000042','Rudi Hartono','rudihartono@gmail.com','081234567042','active','2026-05-17 02:01:05'),(43,'0000000000000043','Sari Wulandari','sariwulandari@gmail.com','081234567043','active','2026-05-17 02:01:05'),(44,'0000000000000044','Teguh Prasetyo','teguhprasetyo@gmail.com','081234567044','active','2026-05-17 02:01:06'),(45,'0000000000000045','Ulfa Nuraini','ulfanuraini@gmail.com','081234567045','active','2026-05-17 02:01:06'),(46,'0000000000000046','Vicky Firmansyah','vickyfirmansyah@gmail.com','081234567046','active','2026-05-17 02:01:06'),(47,'0000000000000047','Winda Oktaviani','windaoktaviani@gmail.com','081234567047','active','2026-05-17 02:01:06'),(48,'0000000000000048','Yanto Saputra','yantosaputra@gmail.com','081234567048','active','2026-05-17 02:01:06'),(49,'0000000000000049','Zahra Aulia','zahraaulia@gmail.com','081234567049','active','2026-05-17 02:01:06'),(50,'0000000000000050','Ahmad Fauzi','ahmadfauzi@gmail.com','081234567050','active','2026-05-17 02:01:07'),(51,'0000000000000051','Bunga Cahyani','bungacahyani@gmail.com','081234567051','active','2026-05-17 02:01:07'),(52,'0000000000000052','Candra Gunawan','candragunawan@gmail.com','081234567052','active','2026-05-17 02:01:07'),(53,'0000000000000053','Dian Pertiwi','dianpertiwi@gmail.com','081234567053','active','2026-05-17 02:01:07'),(54,'0000000000000054','Evi Susanti','evisusanti@gmail.com','081234567054','active','2026-05-17 02:01:07'),(55,'0000000000000055','Farhan Hakim','farhanhakim@gmail.com','081234567055','active','2026-05-17 02:01:08'),(56,'0000000000000056','Guntur Prabowo','gunturprabowo@gmail.com','081234567056','active','2026-05-17 02:01:08'),(57,'0000000000000057','Hana Maharani','hanamaharani@gmail.com','081234567057','active','2026-05-17 02:01:08'),(58,'0000000000000058','Irfan Maulana','irfanmaulana@gmail.com','081234567058','active','2026-05-17 02:01:08'),(59,'0000000000000059','Jelita Anggraini','jelitaanggraini@gmail.com','081234567059','active','2026-05-17 02:01:08'),(60,'0000000000000060','Kurniawan Saputra','kurniawansaputra@gmail.com','081234567060','active','2026-05-17 02:01:09'),(61,'0000000000000061','Lina Marlina','linamarlina@gmail.com','081234567061','active','2026-05-17 02:01:09'),(62,'0000000000000062','Miko Pratama','mikopratama@gmail.com','081234567062','active','2026-05-17 02:01:09'),(63,'0000000000000063','Nur Aisyah','nuraisyah@gmail.com','081234567063','active','2026-05-17 02:01:09'),(64,'0000000000000064','Oka Setiawan','okasetiawan@gmail.com','081234567064','active','2026-05-17 02:01:09'),(65,'0000000000000065','Putra Wijaya','putrawijaya@gmail.com','081234567065','active','2026-05-17 02:01:09'),(66,'0000000000000066','Rina Febriani','rinafebriani@gmail.com','081234567066','active','2026-05-17 02:01:10'),(67,'0000000000000067','Sandi Nugroho','sandinugroho@gmail.com','081234567067','active','2026-05-17 02:01:10'),(68,'0000000000000068','Tiara Lestari','tiaralestari@gmail.com','081234567068','active','2026-05-17 02:01:10'),(69,'0000000000000069','Usman Hidayat','usmanhidayat@gmail.com','081234567069','active','2026-05-17 02:01:10'),(70,'0000000000000070','Vivi Andriani','viviandriani@gmail.com','081234567070','active','2026-05-17 02:01:10'),(71,'0000000000000071','Wawan Kurniawan','wawankurniawan@gmail.com','081234567071','active','2026-05-17 02:01:10'),(72,'0000000000000072','Yeni Rahmawati','yenirahmawati@gmail.com','081234567072','active','2026-05-17 02:01:11'),(73,'0000000000000073','Zulfikar Ali','zulfikarali@gmail.com','081234567073','active','2026-05-17 02:01:11'),(74,'0000000000000074','Aldi Saputra','aldisaputra@gmail.com','081234567074','active','2026-05-17 02:01:11'),(75,'0000000000000075','Bilqis Azzahra','bilqisazzahra@gmail.com','081234567075','active','2026-05-17 02:01:11'),(76,'0000000000000076','Cici Paramita','ciciparamita@gmail.com','081234567076','active','2026-05-17 02:01:11'),(77,'0000000000000077','Dimas Ramadhan','dimasramadhan@gmail.com','081234567077','active','2026-05-17 02:01:11'),(78,'0000000000000078','Elsa Oktaviani','elsaoktaviani@gmail.com','081234567078','active','2026-05-17 02:01:12'),(79,'0000000000000079','Fikri Ananda','fikriananda@gmail.com','081234567079','active','2026-05-17 02:01:12'),(80,'0000000000000080','Galih Pratama','galihpratama@gmail.com','081234567080','active','2026-05-17 02:01:12'),(81,'0000000000000081','Hani Fitriani','hanifitriani@gmail.com','081234567081','active','2026-05-17 02:01:12'),(82,'0000000000000082','Ilham Fauzan','ilhamfauzan@gmail.com','081234567082','active','2026-05-17 02:01:12'),(83,'0000000000000083','Jihan Safira','jihansafira@gmail.com','081234567083','active','2026-05-17 02:01:13'),(84,'0000000000000084','Kevin Maulana','kevinmaulana@gmail.com','081234567084','active','2026-05-17 02:01:13'),(85,'0000000000000085','Laila Nuraini','lailanuraini@gmail.com','081234567085','active','2026-05-17 02:01:13'),(86,'0000000000000086','Malik Ibrahim','malikibrahim@gmail.com','081234567086','active','2026-05-17 02:01:13'),(87,'0000000000000087','Nadia Putri','nadiaputri@gmail.com','081234567087','active','2026-05-17 02:01:13'),(88,'0000000000000088','Opik Hidayat','opikhidayat@gmail.com','081234567088','active','2026-05-17 02:01:13'),(89,'0000000000000089','Prita Maharani','pritamaharani@gmail.com','081234567089','active','2026-05-17 02:01:14'),(90,'0000000000000090','Raka Firmansyah','rakafirmansyah@gmail.com','081234567090','active','2026-05-17 02:01:14'),(91,'0000000000000091','Selvi Amalia','selviamalia@gmail.com','081234567091','active','2026-05-17 02:01:14'),(92,'0000000000000092','Tio Nugraha','tionugraha@gmail.com','081234567092','active','2026-05-17 02:01:14'),(93,'0000000000000093','Ujang Suryana','ujangsuryana@gmail.com','081234567093','active','2026-05-17 02:01:14'),(94,'0000000000000094','Viona Lestari','vionalestari@gmail.com','081234567094','active','2026-05-17 02:01:14'),(95,'0000000000000095','Wulan Sari','wulansari@gmail.com','081234567095','active','2026-05-17 02:01:15'),(96,'0000000000000096','Yoga Pratama','yogapratama@gmail.com','081234567096','active','2026-05-17 02:01:15'),(97,'0000000000000097','Zahid Ramadhan','zahidramadhan@gmail.com','081234567097','active','2026-05-17 02:01:15'),(98,'0000000000000098','Anita Dewi','anitadewi@gmail.com','081234567098','active','2026-05-17 02:01:15'),(99,'0000000000000099','Bayu Saputra','bayusaputra@gmail.com','081234567099','active','2026-05-17 02:01:15'),(100,'0000000000000100','Clara Anggraini','claraanggraini@gmail.com','081234567100','active','2026-05-17 02:01:15');
/*!40000 ALTER TABLE `anggota` ENABLE KEYS */;
UNLOCK TABLES;

--
-- Table structure for table `barang`
--

DROP TABLE IF EXISTS `barang`;
/*!40101 SET @saved_cs_client     = @@character_set_client */;
/*!50503 SET character_set_client = utf8mb4 */;
CREATE TABLE `barang` (
  `id` int NOT NULL AUTO_INCREMENT,
  `nama_barang` varchar(100) NOT NULL,
  `harga_beli` decimal(15,2) NOT NULL DEFAULT '0.00',
  `harga_jual` decimal(15,2) NOT NULL,
  `stok` int NOT NULL DEFAULT '0',
  `satuan` varchar(20) DEFAULT 'pcs',
  `deskripsi` text,
  `unit_usaha_id` int NOT NULL,
  `status` enum('active','nonactive') DEFAULT 'active',
  `created_at` timestamp NULL DEFAULT CURRENT_TIMESTAMP,
  `updated_at` timestamp NULL DEFAULT CURRENT_TIMESTAMP ON UPDATE CURRENT_TIMESTAMP,
  `supplier_id` int DEFAULT NULL,
  PRIMARY KEY (`id`),
  KEY `idx_nama_barang` (`nama_barang`),
  KEY `idx_unit_usaha_id` (`unit_usaha_id`),
  KEY `fk_barang_supplier` (`supplier_id`),
  CONSTRAINT `barang_ibfk_1` FOREIGN KEY (`unit_usaha_id`) REFERENCES `unit_usaha` (`id`) ON DELETE CASCADE,
  CONSTRAINT `fk_barang_supplier` FOREIGN KEY (`supplier_id`) REFERENCES `supplier` (`id`)
) ENGINE=InnoDB AUTO_INCREMENT=101 DEFAULT CHARSET=utf8mb4 COLLATE=utf8mb4_0900_ai_ci;
/*!40101 SET character_set_client = @saved_cs_client */;

--
-- Dumping data for table `barang`
--

LOCK TABLES `barang` WRITE;
/*!40000 ALTER TABLE `barang` DISABLE KEYS */;
INSERT INTO `barang` VALUES (1,'Minyak Goreng',14000.00,16000.00,46,'botol','Minyak goreng kelapa sawit kemasan 1 liter',1,'active','2026-05-17 02:08:49','2026-07-08 13:33:13',NULL),(2,'Gula Pasir',13000.00,15000.00,61,'kg','Gula pasir putih tebu kemasan 1 kg',2,'active','2026-05-17 02:08:49','2026-07-08 13:33:13',NULL),(3,'Air Mineral',2500.00,3500.00,138,'botol','Air mineral kemasan botol 600ml',3,'active','2026-05-17 02:08:49','2026-07-08 13:33:13',NULL),(4,'Mie Instan',2500.00,3000.00,108,'bungkus','Mie instan goreng rasa kaldu ayam',4,'active','2026-05-17 02:08:49','2026-07-08 13:33:13',NULL),(5,'Detergen',8000.00,10000.00,118,'bungkus','Detergen bubuk pembersih pakaian 500g',5,'active','2026-05-17 02:08:49','2026-07-08 13:33:13',NULL),(6,'Beras 5Kg',55000.00,62000.00,46,'karung','Beras putih kualitas premium kemasan 5 kg',6,'active','2026-05-17 02:08:49','2026-07-08 13:33:13',NULL),(7,'Gula Pasir',13000.00,15000.00,47,'kg','Gula pasir putih tebu kemasan 1 kg',7,'active','2026-05-17 02:08:49','2026-07-08 13:33:13',NULL),(8,'Minyak Goreng',14000.00,16000.00,141,'botol','Minyak goreng kelapa sawit kemasan 1 liter',8,'active','2026-05-17 02:08:49','2026-07-08 13:33:13',NULL),(9,'Telur Ayam',24000.00,27000.00,58,'kg','Telur ayam negeri segar pilihan per kg',9,'active','2026-05-17 02:08:49','2026-07-08 13:33:13',NULL),(10,'Teh Celup',4000.00,5500.00,81,'kotak','Teh celup wangi isi 25 kantong',10,'active','2026-05-17 02:08:49','2026-07-08 13:33:13',NULL),(11,'Air Mineral',2500.00,3500.00,54,'botol','Air mineral kemasan botol 600ml',11,'active','2026-05-17 02:08:49','2026-07-08 13:33:13',NULL),(12,'Mie Instan',2500.00,3000.00,94,'bungkus','Mie instan goreng rasa kaldu ayam',12,'active','2026-05-17 02:08:49','2026-07-08 13:33:13',NULL),(13,'Teh Celup',4000.00,5500.00,132,'kotak','Teh celup wangi isi 25 kantong',13,'active','2026-05-17 02:08:50','2026-07-08 13:33:13',NULL),(14,'Kopi Bubuk',6000.00,7500.00,67,'bungkus','Kopi bubuk murni robusta kemasan 150g',14,'active','2026-05-17 02:08:50','2026-07-08 13:33:13',NULL),(15,'Minyak Goreng',14000.00,16000.00,63,'botol','Minyak goreng kelapa sawit kemasan 1 liter',15,'active','2026-05-17 02:08:50','2026-07-08 13:33:13',NULL),(16,'Gula Pasir',13000.00,15000.00,125,'kg','Gula pasir putih tebu kemasan 1 kg',16,'active','2026-05-17 02:08:50','2026-07-08 13:33:13',NULL),(17,'Kopi Bubuk',6000.00,7500.00,101,'bungkus','Kopi bubuk murni robusta kemasan 150g',17,'active','2026-05-17 02:08:50','2026-07-08 13:33:13',NULL),(18,'Telur Ayam',24000.00,27000.00,60,'kg','Telur ayam negeri segar pilihan per kg',18,'active','2026-05-17 02:08:50','2026-07-08 13:33:13',NULL),(19,'Sabun Mandi',3000.00,4000.00,80,'pcs','Sabun mandi batang pembersih kulit segar 80g',19,'active','2026-05-17 02:08:50','2026-07-08 13:33:13',NULL),(20,'Telur Ayam',24000.00,27000.00,88,'kg','Telur ayam negeri segar pilihan per kg',20,'active','2026-05-17 02:08:50','2026-07-08 13:33:13',NULL),(21,'Telur Ayam',24000.00,27000.00,128,'kg','Telur ayam negeri segar pilihan per kg',21,'active','2026-05-17 02:08:50','2026-07-08 13:33:13',NULL),(22,'Mie Instan',2500.00,3000.00,70,'bungkus','Mie instan goreng rasa kaldu ayam',22,'active','2026-05-17 02:08:50','2026-07-08 13:33:13',NULL),(23,'Minyak Goreng',14000.00,16000.00,79,'botol','Minyak goreng kelapa sawit kemasan 1 liter',23,'active','2026-05-17 02:08:50','2026-05-17 02:35:29',NULL),(24,'Minyak Goreng',14000.00,16000.00,58,'botol','Minyak goreng kelapa sawit kemasan 1 liter',24,'active','2026-05-17 02:08:50','2026-07-08 13:33:13',NULL),(25,'Telur Ayam',24000.00,27000.00,82,'kg','Telur ayam negeri segar pilihan per kg',25,'active','2026-05-17 02:08:50','2026-07-08 13:33:13',NULL),(26,'Detergen',8000.00,10000.00,94,'bungkus','Detergen bubuk pembersih pakaian 500g',26,'active','2026-05-17 02:08:50','2026-07-08 13:33:13',NULL),(27,'Telur Ayam',24000.00,27000.00,139,'kg','Telur ayam negeri segar pilihan per kg',27,'active','2026-05-17 02:08:50','2026-07-08 13:33:13',NULL),(28,'Detergen',8000.00,10000.00,56,'bungkus','Detergen bubuk pembersih pakaian 500g',28,'active','2026-05-17 02:08:50','2026-07-08 13:33:13',NULL),(29,'Detergen',8000.00,10000.00,138,'bungkus','Detergen bubuk pembersih pakaian 500g',29,'active','2026-05-17 02:08:51','2026-07-08 13:33:13',NULL),(30,'Detergen',8000.00,10000.00,103,'bungkus','Detergen bubuk pembersih pakaian 500g',30,'active','2026-05-17 02:08:51','2026-07-08 13:33:13',NULL),(31,'Sabun Mandi',3000.00,4000.00,77,'pcs','Sabun mandi batang pembersih kulit segar 80g',31,'active','2026-05-17 02:08:51','2026-07-08 13:33:13',NULL),(32,'Beras 5Kg',55000.00,62000.00,71,'karung','Beras putih kualitas premium kemasan 5 kg',32,'active','2026-05-17 02:08:51','2026-07-08 13:33:13',NULL),(33,'Sabun Mandi',3000.00,4000.00,124,'pcs','Sabun mandi batang pembersih kulit segar 80g',33,'active','2026-05-17 02:08:51','2026-07-08 13:33:13',NULL),(34,'Gula Pasir',13000.00,15000.00,52,'kg','Gula pasir putih tebu kemasan 1 kg',34,'active','2026-05-17 02:08:51','2026-07-08 13:33:13',NULL),(35,'Detergen',8000.00,10000.00,54,'bungkus','Detergen bubuk pembersih pakaian 500g',35,'active','2026-05-17 02:08:51','2026-07-08 13:33:13',NULL),(36,'Mie Instan',2500.00,3000.00,124,'bungkus','Mie instan goreng rasa kaldu ayam',36,'active','2026-05-17 02:08:51','2026-07-08 13:33:13',NULL),(37,'Detergen',8000.00,10000.00,78,'bungkus','Detergen bubuk pembersih pakaian 500g',37,'active','2026-05-17 02:08:51','2026-07-08 13:33:13',NULL),(38,'Kopi Bubuk',6000.00,7500.00,52,'bungkus','Kopi bubuk murni robusta kemasan 150g',38,'active','2026-05-17 02:08:51','2026-07-08 13:33:13',NULL),(39,'Mie Instan',2500.00,3000.00,92,'bungkus','Mie instan goreng rasa kaldu ayam',39,'active','2026-05-17 02:08:51','2026-07-08 13:33:13',NULL),(40,'Minyak Goreng',14000.00,16000.00,83,'botol','Minyak goreng kelapa sawit kemasan 1 liter',40,'active','2026-05-17 02:08:51','2026-07-08 13:33:13',NULL),(41,'Mie Instan',2500.00,3000.00,105,'bungkus','Mie instan goreng rasa kaldu ayam',41,'active','2026-05-17 02:08:51','2026-07-08 13:33:13',NULL),(42,'Gula Pasir',13000.00,15000.00,94,'kg','Gula pasir putih tebu kemasan 1 kg',42,'active','2026-05-17 02:08:51','2026-07-08 13:33:13',NULL),(43,'Teh Celup',4000.00,5500.00,65,'kotak','Teh celup wangi isi 25 kantong',43,'active','2026-05-17 02:08:51','2026-07-08 13:33:13',NULL),(44,'Teh Celup',4000.00,5500.00,64,'kotak','Teh celup wangi isi 25 kantong',44,'active','2026-05-17 02:08:51','2026-07-08 13:33:13',NULL),(45,'Minyak Goreng',14000.00,16000.00,116,'botol','Minyak goreng kelapa sawit kemasan 1 liter',45,'active','2026-05-17 02:08:51','2026-05-17 02:35:34',NULL),(46,'Mie Instan',2500.00,3000.00,39,'bungkus','Mie instan goreng rasa kaldu ayam',46,'active','2026-05-17 02:08:51','2026-07-08 13:33:13',NULL),(47,'Teh Celup',4000.00,5500.00,128,'kotak','Teh celup wangi isi 25 kantong',47,'active','2026-05-17 02:08:52','2026-07-08 13:33:13',NULL),(48,'Sabun Mandi',3000.00,4000.00,42,'pcs','Sabun mandi batang pembersih kulit segar 80g',48,'active','2026-05-17 02:08:52','2026-07-08 13:33:13',NULL),(49,'Minyak Goreng',14000.00,16000.00,113,'botol','Minyak goreng kelapa sawit kemasan 1 liter',49,'active','2026-05-17 02:08:52','2026-07-08 13:33:13',NULL),(50,'Mie Instan',2500.00,3000.00,75,'bungkus','Mie instan goreng rasa kaldu ayam',50,'active','2026-05-17 02:08:52','2026-07-08 13:33:13',NULL),(51,'Beras 5Kg',55000.00,62000.00,103,'karung','Beras putih kualitas premium kemasan 5 kg',51,'active','2026-05-17 02:08:52','2026-05-17 02:35:35',NULL),(52,'Detergen',8000.00,10000.00,147,'bungkus','Detergen bubuk pembersih pakaian 500g',52,'active','2026-05-17 02:08:52','2026-05-17 02:35:36',NULL),(53,'Beras 5Kg',55000.00,62000.00,109,'karung','Beras putih kualitas premium kemasan 5 kg',53,'active','2026-05-17 02:08:52','2026-05-17 02:35:36',NULL),(54,'Beras 5Kg',55000.00,62000.00,58,'karung','Beras putih kualitas premium kemasan 5 kg',54,'active','2026-05-17 02:08:52','2026-05-17 02:35:36',NULL),(55,'Gula Pasir',13000.00,15000.00,65,'kg','Gula pasir putih tebu kemasan 1 kg',55,'active','2026-05-17 02:08:52','2026-05-17 02:35:36',NULL),(56,'Minyak Goreng',14000.00,16000.00,66,'botol','Minyak goreng kelapa sawit kemasan 1 liter',56,'active','2026-05-17 02:08:52','2026-05-17 02:35:37',NULL),(57,'Minyak Goreng',14000.00,16000.00,68,'botol','Minyak goreng kelapa sawit kemasan 1 liter',57,'active','2026-05-17 02:08:52','2026-05-17 02:35:37',NULL),(58,'Air Mineral',2500.00,3500.00,83,'botol','Air mineral kemasan botol 600ml',58,'active','2026-05-17 02:08:52','2026-05-17 02:35:37',NULL),(59,'Detergen',8000.00,10000.00,75,'bungkus','Detergen bubuk pembersih pakaian 500g',59,'active','2026-05-17 02:08:52','2026-05-17 02:35:37',NULL),(60,'Kopi Bubuk',6000.00,7500.00,140,'bungkus','Kopi bubuk murni robusta kemasan 150g',60,'active','2026-05-17 02:08:52','2026-05-17 02:35:37',NULL),(61,'Telur Ayam',24000.00,27000.00,75,'kg','Telur ayam negeri segar pilihan per kg',61,'active','2026-05-17 02:08:52','2026-05-17 02:35:38',NULL),(62,'Sabun Mandi',3000.00,4000.00,97,'pcs','Sabun mandi batang pembersih kulit segar 80g',62,'active','2026-05-17 02:08:52','2026-05-17 02:35:38',NULL),(63,'Mie Instan',2500.00,3000.00,52,'bungkus','Mie instan goreng rasa kaldu ayam',63,'active','2026-05-17 02:08:52','2026-05-17 02:35:38',NULL),(64,'Mie Instan',2500.00,3000.00,68,'bungkus','Mie instan goreng rasa kaldu ayam',64,'active','2026-05-17 02:08:53','2026-05-17 02:35:38',NULL),(65,'Telur Ayam',24000.00,27000.00,116,'kg','Telur ayam negeri segar pilihan per kg',65,'active','2026-05-17 02:08:53','2026-05-17 02:35:39',NULL),(66,'Detergen',8000.00,10000.00,94,'bungkus','Detergen bubuk pembersih pakaian 500g',66,'active','2026-05-17 02:08:53','2026-05-17 02:35:39',NULL),(67,'Telur Ayam',24000.00,27000.00,61,'kg','Telur ayam negeri segar pilihan per kg',67,'active','2026-05-17 02:08:53','2026-05-17 02:35:39',NULL),(68,'Telur Ayam',24000.00,27000.00,50,'kg','Telur ayam negeri segar pilihan per kg',68,'active','2026-05-17 02:08:53','2026-05-17 02:35:40',NULL),(69,'Telur Ayam',24000.00,27000.00,134,'kg','Telur ayam negeri segar pilihan per kg',69,'active','2026-05-17 02:08:53','2026-05-17 02:35:40',NULL),(70,'Teh Celup',4000.00,5500.00,120,'kotak','Teh celup wangi isi 25 kantong',70,'active','2026-05-17 02:08:53','2026-05-17 02:35:40',NULL),(71,'Telur Ayam',24000.00,27000.00,65,'kg','Telur ayam negeri segar pilihan per kg',71,'active','2026-05-17 02:08:53','2026-05-17 02:35:40',NULL),(72,'Teh Celup',4000.00,5500.00,76,'kotak','Teh celup wangi isi 25 kantong',72,'active','2026-05-17 02:08:53','2026-05-17 02:35:41',NULL),(73,'Gula Pasir',13000.00,15000.00,82,'kg','Gula pasir putih tebu kemasan 1 kg',73,'active','2026-05-17 02:08:53','2026-05-17 02:35:41',NULL),(74,'Gula Pasir',13000.00,15000.00,132,'kg','Gula pasir putih tebu kemasan 1 kg',74,'active','2026-05-17 02:08:53','2026-05-17 02:35:41',NULL),(75,'Beras 5Kg',55000.00,62000.00,114,'karung','Beras putih kualitas premium kemasan 5 kg',75,'active','2026-05-17 02:08:53','2026-05-17 02:35:41',NULL),(76,'Minyak Goreng',14000.00,16000.00,116,'botol','Minyak goreng kelapa sawit kemasan 1 liter',76,'active','2026-05-17 02:08:53','2026-05-17 02:35:42',NULL),(77,'Gula Pasir',13000.00,15000.00,52,'kg','Gula pasir putih tebu kemasan 1 kg',77,'active','2026-05-17 02:08:53','2026-05-17 02:35:42',NULL),(78,'Beras 5Kg',55000.00,62000.00,51,'karung','Beras putih kualitas premium kemasan 5 kg',78,'active','2026-05-17 02:08:53','2026-05-17 02:35:42',NULL),(79,'Mie Instan',2500.00,3000.00,128,'bungkus','Mie instan goreng rasa kaldu ayam',79,'active','2026-05-17 02:08:53','2026-05-17 02:35:42',NULL),(80,'Beras 5Kg',55000.00,62000.00,58,'karung','Beras putih kualitas premium kemasan 5 kg',80,'active','2026-05-17 02:08:53','2026-05-17 02:35:42',NULL),(81,'Telur Ayam',24000.00,27000.00,113,'kg','Telur ayam negeri segar pilihan per kg',81,'active','2026-05-17 02:08:54','2026-05-17 02:35:43',NULL),(82,'Kopi Bubuk',6000.00,7500.00,63,'bungkus','Kopi bubuk murni robusta kemasan 150g',82,'active','2026-05-17 02:08:54','2026-05-17 02:35:43',NULL),(83,'Detergen',8000.00,10000.00,50,'bungkus','Detergen bubuk pembersih pakaian 500g',83,'active','2026-05-17 02:08:54','2026-05-17 02:35:43',NULL),(84,'Minyak Goreng',14000.00,16000.00,131,'botol','Minyak goreng kelapa sawit kemasan 1 liter',84,'active','2026-05-17 02:08:54','2026-05-17 02:35:43',NULL),(85,'Minyak Goreng',14000.00,16000.00,133,'botol','Minyak goreng kelapa sawit kemasan 1 liter',85,'active','2026-05-17 02:08:54','2026-05-17 02:35:44',NULL),(86,'Air Mineral',2500.00,3500.00,102,'botol','Air mineral kemasan botol 600ml',86,'active','2026-05-17 02:08:54','2026-05-17 02:35:44',NULL),(87,'Telur Ayam',24000.00,27000.00,136,'kg','Telur ayam negeri segar pilihan per kg',87,'active','2026-05-17 02:08:54','2026-05-17 02:35:44',NULL),(88,'Detergen',8000.00,10000.00,108,'bungkus','Detergen bubuk pembersih pakaian 500g',88,'active','2026-05-17 02:08:54','2026-05-17 02:35:45',NULL),(89,'Kopi Bubuk',6000.00,7500.00,63,'bungkus','Kopi bubuk murni robusta kemasan 150g',89,'active','2026-05-17 02:08:54','2026-05-17 02:35:45',NULL),(90,'Detergen',8000.00,10000.00,85,'bungkus','Detergen bubuk pembersih pakaian 500g',90,'active','2026-05-17 02:08:54','2026-05-17 02:35:45',NULL),(91,'Telur Ayam',24000.00,27000.00,50,'kg','Telur ayam negeri segar pilihan per kg',91,'active','2026-05-17 02:08:54','2026-05-17 02:35:45',NULL),(92,'Teh Celup',4000.00,5500.00,118,'kotak','Teh celup wangi isi 25 kantong',92,'active','2026-05-17 02:08:54','2026-05-17 02:35:45',NULL),(93,'Detergen',8000.00,10000.00,111,'bungkus','Detergen bubuk pembersih pakaian 500g',93,'active','2026-05-17 02:08:54','2026-05-17 02:35:46',NULL),(94,'Air Mineral',2500.00,3500.00,140,'botol','Air mineral kemasan botol 600ml',94,'active','2026-05-17 02:08:54','2026-05-17 02:35:46',NULL),(95,'Sabun Mandi',3000.00,4000.00,60,'pcs','Sabun mandi batang pembersih kulit segar 80g',95,'active','2026-05-17 02:08:54','2026-05-17 02:35:46',NULL),(96,'Minyak Goreng',14000.00,16000.00,95,'botol','Minyak goreng kelapa sawit kemasan 1 liter',96,'active','2026-05-17 02:08:54','2026-06-07 09:55:02',NULL),(97,'Minyak Goreng',14000.00,16000.00,102,'botol','Minyak goreng kelapa sawit kemasan 1 liter',97,'active','2026-05-17 02:08:54','2026-05-17 02:35:47',NULL),(98,'Gula Pasir',13000.00,15000.00,99,'kg','Gula pasir putih tebu kemasan 1 kg',98,'active','2026-05-17 02:08:55','2026-05-17 02:35:47',NULL),(99,'Minyak Goreng',14000.00,16000.00,127,'botol','Minyak goreng kelapa sawit kemasan 1 liter',99,'active','2026-05-17 02:08:55','2026-05-17 02:35:47',NULL),(100,'Teh Celup',4000.00,5500.00,117,'kotak','Teh celup wangi isi 25 kantong',100,'active','2026-05-17 02:08:55','2026-05-17 02:35:47',NULL);
/*!40000 ALTER TABLE `barang` ENABLE KEYS */;
UNLOCK TABLES;

--
-- Table structure for table `detail_transaksi`
--

DROP TABLE IF EXISTS `detail_transaksi`;
/*!40101 SET @saved_cs_client     = @@character_set_client */;
/*!50503 SET character_set_client = utf8mb4 */;
CREATE TABLE `detail_transaksi` (
  `id` int NOT NULL AUTO_INCREMENT,
  `transaksi_id` int NOT NULL,
  `barang_id` int NOT NULL,
  `qty` int NOT NULL,
  `harga_satuan` decimal(15,2) NOT NULL,
  `subtotal` decimal(15,2) NOT NULL DEFAULT '0.00',
  `created_at` timestamp NULL DEFAULT CURRENT_TIMESTAMP,
  PRIMARY KEY (`id`),
  KEY `idx_transaksi_id` (`transaksi_id`),
  KEY `idx_barang_id` (`barang_id`),
  CONSTRAINT `detail_transaksi_ibfk_1` FOREIGN KEY (`transaksi_id`) REFERENCES `transaksi` (`id`) ON DELETE CASCADE,
  CONSTRAINT `detail_transaksi_ibfk_2` FOREIGN KEY (`barang_id`) REFERENCES `barang` (`id`)
) ENGINE=InnoDB AUTO_INCREMENT=368 DEFAULT CHARSET=utf8mb4 COLLATE=utf8mb4_0900_ai_ci;
/*!40101 SET character_set_client = @saved_cs_client */;

--
-- Dumping data for table `detail_transaksi`
--

LOCK TABLES `detail_transaksi` WRITE;
/*!40000 ALTER TABLE `detail_transaksi` DISABLE KEYS */;
INSERT INTO `detail_transaksi` VALUES (1,1,1,1,16000.00,16000.00,'2026-05-17 02:35:23'),(2,1,38,1,7500.00,7500.00,'2026-05-17 02:35:23'),(3,2,2,2,15000.00,30000.00,'2026-05-17 02:35:24'),(4,3,3,3,3500.00,10500.00,'2026-05-17 02:35:24'),(5,3,40,1,16000.00,16000.00,'2026-05-17 02:35:24'),(6,4,4,1,3000.00,3000.00,'2026-05-17 02:35:24'),(7,5,5,2,10000.00,20000.00,'2026-05-17 02:35:24'),(8,5,42,1,15000.00,15000.00,'2026-05-17 02:35:24'),(9,6,6,3,62000.00,186000.00,'2026-05-17 02:35:25'),(10,7,7,1,15000.00,15000.00,'2026-05-17 02:35:25'),(11,7,44,1,5500.00,5500.00,'2026-05-17 02:35:25'),(12,8,8,2,16000.00,32000.00,'2026-05-17 02:35:25'),(13,9,9,3,27000.00,81000.00,'2026-05-17 02:35:25'),(14,9,46,1,3000.00,3000.00,'2026-05-17 02:35:25'),(15,10,10,1,5500.00,5500.00,'2026-05-17 02:35:26'),(16,11,11,2,3500.00,7000.00,'2026-05-17 02:35:26'),(17,11,48,1,4000.00,4000.00,'2026-05-17 02:35:26'),(18,12,12,3,3000.00,9000.00,'2026-05-17 02:35:26'),(19,13,13,1,5500.00,5500.00,'2026-05-17 02:35:26'),(20,13,50,1,3000.00,3000.00,'2026-05-17 02:35:26'),(21,14,14,2,7500.00,15000.00,'2026-05-17 02:35:26'),(22,15,15,3,16000.00,48000.00,'2026-05-17 02:35:27'),(23,15,52,1,10000.00,10000.00,'2026-05-17 02:35:27'),(24,16,16,1,15000.00,15000.00,'2026-05-17 02:35:27'),(25,17,17,2,7500.00,15000.00,'2026-05-17 02:35:27'),(26,17,54,1,62000.00,62000.00,'2026-05-17 02:35:27'),(27,18,18,3,27000.00,81000.00,'2026-05-17 02:35:27'),(28,19,19,1,4000.00,4000.00,'2026-05-17 02:35:28'),(29,19,56,1,16000.00,16000.00,'2026-05-17 02:35:28'),(30,20,20,2,27000.00,54000.00,'2026-05-17 02:35:28'),(31,21,21,3,27000.00,81000.00,'2026-05-17 02:35:28'),(32,21,58,1,3500.00,3500.00,'2026-05-17 02:35:28'),(33,22,22,1,3000.00,3000.00,'2026-05-17 02:35:28'),(34,23,23,2,16000.00,32000.00,'2026-05-17 02:35:28'),(35,23,60,1,7500.00,7500.00,'2026-05-17 02:35:29'),(36,24,24,3,16000.00,48000.00,'2026-05-17 02:35:29'),(37,25,25,1,27000.00,27000.00,'2026-05-17 02:35:29'),(38,25,62,1,4000.00,4000.00,'2026-05-17 02:35:29'),(39,26,26,2,10000.00,20000.00,'2026-05-17 02:35:29'),(40,27,27,3,27000.00,81000.00,'2026-05-17 02:35:29'),(41,27,64,1,3000.00,3000.00,'2026-05-17 02:35:30'),(42,28,28,1,10000.00,10000.00,'2026-05-17 02:35:30'),(43,29,29,2,10000.00,20000.00,'2026-05-17 02:35:30'),(44,29,66,1,10000.00,10000.00,'2026-05-17 02:35:30'),(45,30,30,3,10000.00,30000.00,'2026-05-17 02:35:30'),(46,31,31,1,4000.00,4000.00,'2026-05-17 02:35:30'),(47,31,68,1,27000.00,27000.00,'2026-05-17 02:35:31'),(48,32,32,2,62000.00,124000.00,'2026-05-17 02:35:31'),(49,33,33,3,4000.00,12000.00,'2026-05-17 02:35:31'),(50,33,70,1,5500.00,5500.00,'2026-05-17 02:35:31'),(51,34,34,1,15000.00,15000.00,'2026-05-17 02:35:31'),(52,35,35,2,10000.00,20000.00,'2026-05-17 02:35:31'),(53,35,72,1,5500.00,5500.00,'2026-05-17 02:35:32'),(54,36,36,3,3000.00,9000.00,'2026-05-17 02:35:32'),(55,37,37,1,10000.00,10000.00,'2026-05-17 02:35:32'),(56,37,74,1,15000.00,15000.00,'2026-05-17 02:35:32'),(57,38,38,2,7500.00,15000.00,'2026-05-17 02:35:32'),(58,39,39,3,3000.00,9000.00,'2026-05-17 02:35:32'),(59,39,76,1,16000.00,16000.00,'2026-05-17 02:35:33'),(60,40,40,1,16000.00,16000.00,'2026-05-17 02:35:33'),(61,41,41,2,3000.00,6000.00,'2026-05-17 02:35:33'),(62,41,78,1,62000.00,62000.00,'2026-05-17 02:35:33'),(63,42,42,3,15000.00,45000.00,'2026-05-17 02:35:33'),(64,43,43,1,5500.00,5500.00,'2026-05-17 02:35:33'),(65,43,80,1,62000.00,62000.00,'2026-05-17 02:35:33'),(66,44,44,2,5500.00,11000.00,'2026-05-17 02:35:34'),(67,45,45,3,16000.00,48000.00,'2026-05-17 02:35:34'),(68,45,82,1,7500.00,7500.00,'2026-05-17 02:35:34'),(69,46,46,1,3000.00,3000.00,'2026-05-17 02:35:34'),(70,47,47,2,5500.00,11000.00,'2026-05-17 02:35:34'),(71,47,84,1,16000.00,16000.00,'2026-05-17 02:35:34'),(72,48,48,3,4000.00,12000.00,'2026-05-17 02:35:35'),(73,49,49,1,16000.00,16000.00,'2026-05-17 02:35:35'),(74,49,86,1,3500.00,3500.00,'2026-05-17 02:35:35'),(75,50,50,2,3000.00,6000.00,'2026-05-17 02:35:35'),(76,51,51,3,62000.00,186000.00,'2026-05-17 02:35:35'),(77,51,88,1,10000.00,10000.00,'2026-05-17 02:35:35'),(78,52,52,1,10000.00,10000.00,'2026-05-17 02:35:36'),(79,53,53,2,62000.00,124000.00,'2026-05-17 02:35:36'),(80,53,90,1,10000.00,10000.00,'2026-05-17 02:35:36'),(81,54,54,3,62000.00,186000.00,'2026-05-17 02:35:36'),(82,55,55,1,15000.00,15000.00,'2026-05-17 02:35:36'),(83,55,92,1,5500.00,5500.00,'2026-05-17 02:35:36'),(84,56,56,2,16000.00,32000.00,'2026-05-17 02:35:36'),(85,57,57,3,16000.00,48000.00,'2026-05-17 02:35:37'),(86,57,94,1,3500.00,3500.00,'2026-05-17 02:35:37'),(87,58,58,1,3500.00,3500.00,'2026-05-17 02:35:37'),(88,59,59,2,10000.00,20000.00,'2026-05-17 02:35:37'),(89,59,96,1,16000.00,16000.00,'2026-05-17 02:35:37'),(90,60,60,3,7500.00,22500.00,'2026-05-17 02:35:37'),(91,61,61,1,27000.00,27000.00,'2026-05-17 02:35:38'),(92,61,98,1,15000.00,15000.00,'2026-05-17 02:35:38'),(93,62,62,2,4000.00,8000.00,'2026-05-17 02:35:38'),(94,63,63,3,3000.00,9000.00,'2026-05-17 02:35:38'),(95,63,100,1,5500.00,5500.00,'2026-05-17 02:35:38'),(96,64,64,1,3000.00,3000.00,'2026-05-17 02:35:38'),(97,65,65,2,27000.00,54000.00,'2026-05-17 02:35:39'),(98,65,2,1,15000.00,15000.00,'2026-05-17 02:35:39'),(99,66,66,3,10000.00,30000.00,'2026-05-17 02:35:39'),(100,67,67,1,27000.00,27000.00,'2026-05-17 02:35:39'),(101,67,4,1,3000.00,3000.00,'2026-05-17 02:35:39'),(102,68,68,2,27000.00,54000.00,'2026-05-17 02:35:40'),(103,69,69,3,27000.00,81000.00,'2026-05-17 02:35:40'),(104,69,6,1,62000.00,62000.00,'2026-05-17 02:35:40'),(105,70,70,1,5500.00,5500.00,'2026-05-17 02:35:40'),(106,71,71,2,27000.00,54000.00,'2026-05-17 02:35:40'),(107,71,8,1,16000.00,16000.00,'2026-05-17 02:35:40'),(108,72,72,3,5500.00,16500.00,'2026-05-17 02:35:40'),(109,73,73,1,15000.00,15000.00,'2026-05-17 02:35:41'),(110,73,10,1,5500.00,5500.00,'2026-05-17 02:35:41'),(111,74,74,2,15000.00,30000.00,'2026-05-17 02:35:41'),(112,75,75,3,62000.00,186000.00,'2026-05-17 02:35:41'),(113,75,12,1,3000.00,3000.00,'2026-05-17 02:35:41'),(114,76,76,1,16000.00,16000.00,'2026-05-17 02:35:41'),(115,77,77,2,15000.00,30000.00,'2026-05-17 02:35:42'),(116,77,14,1,7500.00,7500.00,'2026-05-17 02:35:42'),(117,78,78,3,62000.00,186000.00,'2026-05-17 02:35:42'),(118,79,79,1,3000.00,3000.00,'2026-05-17 02:35:42'),(119,79,16,1,15000.00,15000.00,'2026-05-17 02:35:42'),(120,80,80,2,62000.00,124000.00,'2026-05-17 02:35:42'),(121,81,81,3,27000.00,81000.00,'2026-05-17 02:35:43'),(122,81,18,1,27000.00,27000.00,'2026-05-17 02:35:43'),(123,82,82,1,7500.00,7500.00,'2026-05-17 02:35:43'),(124,83,83,2,10000.00,20000.00,'2026-05-17 02:35:43'),(125,83,20,1,27000.00,27000.00,'2026-05-17 02:35:43'),(126,84,84,3,16000.00,48000.00,'2026-05-17 02:35:43'),(127,85,85,1,16000.00,16000.00,'2026-05-17 02:35:44'),(128,85,22,1,3000.00,3000.00,'2026-05-17 02:35:44'),(129,86,86,2,3500.00,7000.00,'2026-05-17 02:35:44'),(130,87,87,3,27000.00,81000.00,'2026-05-17 02:35:44'),(131,87,24,1,16000.00,16000.00,'2026-05-17 02:35:44'),(132,88,88,1,10000.00,10000.00,'2026-05-17 02:35:44'),(133,89,89,2,7500.00,15000.00,'2026-05-17 02:35:45'),(134,89,26,1,10000.00,10000.00,'2026-05-17 02:35:45'),(135,90,90,3,10000.00,30000.00,'2026-05-17 02:35:45'),(136,91,91,1,27000.00,27000.00,'2026-05-17 02:35:45'),(137,91,28,1,10000.00,10000.00,'2026-05-17 02:35:45'),(138,92,92,2,5500.00,11000.00,'2026-05-17 02:35:45'),(139,93,93,3,10000.00,30000.00,'2026-05-17 02:35:46'),(140,93,30,1,10000.00,10000.00,'2026-05-17 02:35:46'),(141,94,94,1,3500.00,3500.00,'2026-05-17 02:35:46'),(142,95,95,2,4000.00,8000.00,'2026-05-17 02:35:46'),(143,95,32,1,62000.00,62000.00,'2026-05-17 02:35:46'),(144,96,96,3,16000.00,48000.00,'2026-05-17 02:35:46'),(145,97,97,1,16000.00,16000.00,'2026-05-17 02:35:46'),(146,97,34,1,15000.00,15000.00,'2026-05-17 02:35:47'),(147,98,98,2,15000.00,30000.00,'2026-05-17 02:35:47'),(148,99,99,3,16000.00,48000.00,'2026-05-17 02:35:47'),(149,99,36,1,3000.00,3000.00,'2026-05-17 02:35:47'),(150,100,100,1,5500.00,5500.00,'2026-05-17 02:35:47'),(151,101,17,1,7500.00,7500.00,'2026-05-20 13:09:40'),(152,102,1,1,16000.00,16000.00,'2026-05-20 13:13:11'),(153,103,1,1,16000.00,16000.00,'2026-05-20 13:14:21'),(154,104,1,1,16000.00,16000.00,'2026-06-04 06:19:31'),(155,105,1,1,16000.00,16000.00,'2026-06-04 06:24:24'),(156,106,1,1,16000.00,16000.00,'2026-06-04 06:28:04'),(157,107,1,1,16000.00,16000.00,'2026-06-04 06:28:14'),(158,108,1,1,16000.00,16000.00,'2026-06-07 09:53:29'),(159,109,1,1,16000.00,16000.00,'2026-06-07 09:53:45'),(160,110,96,1,16000.00,16000.00,'2026-06-07 09:55:02'),(161,111,8,1,16000.00,16000.00,'2026-07-08 13:33:13'),(162,111,42,3,15000.00,45000.00,'2026-07-08 13:33:13'),(163,111,16,3,15000.00,45000.00,'2026-07-08 13:33:13'),(164,112,46,1,3000.00,3000.00,'2026-07-08 13:33:13'),(165,112,4,2,3000.00,6000.00,'2026-07-08 13:33:13'),(166,112,9,3,27000.00,81000.00,'2026-07-08 13:33:13'),(167,113,41,3,3000.00,9000.00,'2026-07-08 13:33:13'),(168,114,30,2,10000.00,20000.00,'2026-07-08 13:33:13'),(169,115,38,2,7500.00,15000.00,'2026-07-08 13:33:13'),(170,115,20,3,27000.00,81000.00,'2026-07-08 13:33:13'),(171,115,7,3,15000.00,45000.00,'2026-07-08 13:33:13'),(172,116,36,1,3000.00,3000.00,'2026-07-08 13:33:13'),(173,116,15,2,16000.00,32000.00,'2026-07-08 13:33:13'),(174,116,25,2,27000.00,54000.00,'2026-07-08 13:33:13'),(175,117,26,3,10000.00,30000.00,'2026-07-08 13:33:13'),(176,117,2,2,15000.00,30000.00,'2026-07-08 13:33:13'),(177,118,28,2,10000.00,20000.00,'2026-07-08 13:33:13'),(178,118,36,2,3000.00,6000.00,'2026-07-08 13:33:13'),(179,119,36,3,3000.00,9000.00,'2026-07-08 13:33:13'),(180,120,5,2,10000.00,20000.00,'2026-07-08 13:33:13'),(181,120,35,2,10000.00,20000.00,'2026-07-08 13:33:13'),(182,120,38,1,7500.00,7500.00,'2026-07-08 13:33:13'),(183,121,42,1,15000.00,15000.00,'2026-07-08 13:33:13'),(184,122,26,1,10000.00,10000.00,'2026-07-08 13:33:13'),(185,123,12,1,3000.00,3000.00,'2026-07-08 13:33:13'),(186,124,4,1,3000.00,3000.00,'2026-07-08 13:33:13'),(187,124,35,3,10000.00,30000.00,'2026-07-08 13:33:13'),(188,125,48,3,4000.00,12000.00,'2026-07-08 13:33:13'),(189,125,5,2,10000.00,20000.00,'2026-07-08 13:33:13'),(190,125,46,2,3000.00,6000.00,'2026-07-08 13:33:13'),(191,126,16,3,15000.00,45000.00,'2026-07-08 13:33:13'),(192,126,18,2,27000.00,54000.00,'2026-07-08 13:33:13'),(193,126,34,1,15000.00,15000.00,'2026-07-08 13:33:13'),(194,127,9,3,27000.00,81000.00,'2026-07-08 13:33:13'),(195,127,44,1,5500.00,5500.00,'2026-07-08 13:33:13'),(196,128,40,3,16000.00,48000.00,'2026-07-08 13:33:13'),(197,128,22,1,3000.00,3000.00,'2026-07-08 13:33:13'),(198,128,19,2,4000.00,8000.00,'2026-07-08 13:33:13'),(199,129,26,3,10000.00,30000.00,'2026-07-08 13:33:13'),(200,129,35,2,10000.00,20000.00,'2026-07-08 13:33:13'),(201,130,19,1,4000.00,4000.00,'2026-07-08 13:33:13'),(202,130,24,3,16000.00,48000.00,'2026-07-08 13:33:13'),(203,131,47,1,5500.00,5500.00,'2026-07-08 13:33:13'),(204,131,48,1,4000.00,4000.00,'2026-07-08 13:33:13'),(205,131,38,2,7500.00,15000.00,'2026-07-08 13:33:13'),(206,132,15,3,16000.00,48000.00,'2026-07-08 13:33:13'),(207,132,17,2,7500.00,15000.00,'2026-07-08 13:33:13'),(208,132,29,1,10000.00,10000.00,'2026-07-08 13:33:13'),(209,133,31,1,4000.00,4000.00,'2026-07-08 13:33:13'),(210,134,6,1,62000.00,62000.00,'2026-07-08 13:33:13'),(211,134,5,3,10000.00,30000.00,'2026-07-08 13:33:13'),(212,134,43,2,5500.00,11000.00,'2026-07-08 13:33:13'),(213,135,6,1,62000.00,62000.00,'2026-07-08 13:33:13'),(214,136,5,2,10000.00,20000.00,'2026-07-08 13:33:13'),(215,136,18,2,27000.00,54000.00,'2026-07-08 13:33:13'),(216,137,34,3,15000.00,45000.00,'2026-07-08 13:33:13'),(217,138,3,1,3500.00,3500.00,'2026-07-08 13:33:13'),(218,138,4,2,3000.00,6000.00,'2026-07-08 13:33:13'),(219,139,7,3,15000.00,45000.00,'2026-07-08 13:33:13'),(220,140,34,2,15000.00,30000.00,'2026-07-08 13:33:13'),(221,140,20,2,27000.00,54000.00,'2026-07-08 13:33:13'),(222,140,14,2,7500.00,15000.00,'2026-07-08 13:33:13'),(223,141,25,1,27000.00,27000.00,'2026-07-08 13:33:13'),(224,142,50,2,3000.00,6000.00,'2026-07-08 13:33:13'),(225,143,31,1,4000.00,4000.00,'2026-07-08 13:33:13'),(226,144,37,1,10000.00,10000.00,'2026-07-08 13:33:13'),(227,144,31,3,4000.00,12000.00,'2026-07-08 13:33:13'),(228,144,33,1,4000.00,4000.00,'2026-07-08 13:33:13'),(229,145,42,3,15000.00,45000.00,'2026-07-08 13:33:13'),(230,145,22,1,3000.00,3000.00,'2026-07-08 13:33:13'),(231,145,12,3,3000.00,9000.00,'2026-07-08 13:33:13'),(232,146,22,1,3000.00,3000.00,'2026-07-08 13:33:13'),(233,146,18,2,27000.00,54000.00,'2026-07-08 13:33:13'),(234,146,38,3,7500.00,22500.00,'2026-07-08 13:33:13'),(235,147,33,3,4000.00,12000.00,'2026-07-08 13:33:13'),(236,147,29,2,10000.00,20000.00,'2026-07-08 13:33:13'),(237,148,24,2,16000.00,32000.00,'2026-07-08 13:33:13'),(238,148,35,1,10000.00,10000.00,'2026-07-08 13:33:13'),(239,149,42,1,15000.00,15000.00,'2026-07-08 13:33:13'),(240,149,17,3,7500.00,22500.00,'2026-07-08 13:33:13'),(241,150,28,3,10000.00,30000.00,'2026-07-08 13:33:13'),(242,150,2,3,15000.00,45000.00,'2026-07-08 13:33:13'),(243,151,25,3,27000.00,81000.00,'2026-07-08 13:33:13'),(244,151,39,2,3000.00,6000.00,'2026-07-08 13:33:13'),(245,151,44,2,5500.00,11000.00,'2026-07-08 13:33:13'),(246,152,7,2,15000.00,30000.00,'2026-07-08 13:33:13'),(247,153,41,3,3000.00,9000.00,'2026-07-08 13:33:13'),(248,153,10,2,5500.00,11000.00,'2026-07-08 13:33:13'),(249,153,38,2,7500.00,15000.00,'2026-07-08 13:33:13'),(250,154,37,1,10000.00,10000.00,'2026-07-08 13:33:13'),(251,155,35,3,10000.00,30000.00,'2026-07-08 13:33:13'),(252,156,35,1,10000.00,10000.00,'2026-07-08 13:33:13'),(253,156,32,2,62000.00,124000.00,'2026-07-08 13:33:13'),(254,156,10,2,5500.00,11000.00,'2026-07-08 13:33:13'),(255,157,44,3,5500.00,16500.00,'2026-07-08 13:33:13'),(256,158,40,1,16000.00,16000.00,'2026-07-08 13:33:13'),(257,159,41,2,3000.00,6000.00,'2026-07-08 13:33:13'),(258,160,30,1,10000.00,10000.00,'2026-07-08 13:33:13'),(259,160,25,1,27000.00,27000.00,'2026-07-08 13:33:13'),(260,161,34,3,15000.00,45000.00,'2026-07-08 13:33:13'),(261,161,16,3,15000.00,45000.00,'2026-07-08 13:33:13'),(262,161,10,3,5500.00,16500.00,'2026-07-08 13:33:13'),(263,162,50,3,3000.00,9000.00,'2026-07-08 13:33:13'),(264,162,40,1,16000.00,16000.00,'2026-07-08 13:33:13'),(265,163,49,3,16000.00,48000.00,'2026-07-08 13:33:13'),(266,163,10,3,5500.00,16500.00,'2026-07-08 13:33:13'),(267,163,46,2,3000.00,6000.00,'2026-07-08 13:33:13'),(268,164,48,3,4000.00,12000.00,'2026-07-08 13:33:13'),(269,165,9,3,27000.00,81000.00,'2026-07-08 13:33:13'),(270,165,49,1,16000.00,16000.00,'2026-07-08 13:33:13'),(271,165,30,2,10000.00,20000.00,'2026-07-08 13:33:13'),(272,166,32,1,62000.00,62000.00,'2026-07-08 13:33:13'),(273,166,18,2,27000.00,54000.00,'2026-07-08 13:33:13'),(274,166,19,2,4000.00,8000.00,'2026-07-08 13:33:13'),(275,167,48,1,4000.00,4000.00,'2026-07-08 13:33:13'),(276,167,39,2,3000.00,6000.00,'2026-07-08 13:33:13'),(277,168,49,1,16000.00,16000.00,'2026-07-08 13:33:13'),(278,169,43,1,5500.00,5500.00,'2026-07-08 13:33:13'),(279,169,7,2,15000.00,30000.00,'2026-07-08 13:33:13'),(280,170,48,3,4000.00,12000.00,'2026-07-08 13:33:13'),(281,171,38,3,7500.00,22500.00,'2026-07-08 13:33:13'),(282,171,31,2,4000.00,8000.00,'2026-07-08 13:33:13'),(283,172,13,1,5500.00,5500.00,'2026-07-08 13:33:13'),(284,172,20,1,27000.00,27000.00,'2026-07-08 13:33:13'),(285,172,35,3,10000.00,30000.00,'2026-07-08 13:33:13'),(286,173,37,2,10000.00,20000.00,'2026-07-08 13:33:13'),(287,173,27,1,27000.00,27000.00,'2026-07-08 13:33:13'),(288,173,8,1,16000.00,16000.00,'2026-07-08 13:33:13'),(289,174,44,2,5500.00,11000.00,'2026-07-08 13:33:13'),(290,174,48,1,4000.00,4000.00,'2026-07-08 13:33:13'),(291,175,41,3,3000.00,9000.00,'2026-07-08 13:33:13'),(292,175,27,3,27000.00,81000.00,'2026-07-08 13:33:13'),(293,175,7,2,15000.00,30000.00,'2026-07-08 13:33:13'),(294,176,17,1,7500.00,7500.00,'2026-07-08 13:33:13'),(295,176,29,2,10000.00,20000.00,'2026-07-08 13:33:13'),(296,176,25,2,27000.00,54000.00,'2026-07-08 13:33:13'),(297,177,4,2,3000.00,6000.00,'2026-07-08 13:33:13'),(298,177,16,1,15000.00,15000.00,'2026-07-08 13:33:13'),(299,177,30,3,10000.00,30000.00,'2026-07-08 13:33:13'),(300,178,30,3,10000.00,30000.00,'2026-07-08 13:33:13'),(301,178,8,1,16000.00,16000.00,'2026-07-08 13:33:13'),(302,178,2,1,15000.00,15000.00,'2026-07-08 13:33:13'),(303,179,16,2,15000.00,30000.00,'2026-07-08 13:33:13'),(304,179,7,2,15000.00,30000.00,'2026-07-08 13:33:13'),(305,179,3,2,3500.00,7000.00,'2026-07-08 13:33:13'),(306,180,22,3,3000.00,9000.00,'2026-07-08 13:33:13'),(307,180,17,3,7500.00,22500.00,'2026-07-08 13:33:13'),(308,181,29,1,10000.00,10000.00,'2026-07-08 13:33:13'),(309,181,39,1,3000.00,3000.00,'2026-07-08 13:33:13'),(310,182,24,2,16000.00,32000.00,'2026-07-08 13:33:13'),(311,183,48,3,4000.00,12000.00,'2026-07-08 13:33:13'),(312,184,19,2,4000.00,8000.00,'2026-07-08 13:33:13'),(313,184,27,1,27000.00,27000.00,'2026-07-08 13:33:13'),(314,184,21,2,27000.00,54000.00,'2026-07-08 13:33:13'),(315,185,39,3,3000.00,9000.00,'2026-07-08 13:33:13'),(316,185,36,2,3000.00,6000.00,'2026-07-08 13:33:13'),(317,185,42,2,15000.00,30000.00,'2026-07-08 13:33:13'),(318,186,36,3,3000.00,9000.00,'2026-07-08 13:33:13'),(319,187,28,2,10000.00,20000.00,'2026-07-08 13:33:13'),(320,187,22,1,3000.00,3000.00,'2026-07-08 13:33:13'),(321,188,32,2,62000.00,124000.00,'2026-07-08 13:33:13'),(322,188,4,3,3000.00,9000.00,'2026-07-08 13:33:13'),(323,189,28,2,10000.00,20000.00,'2026-07-08 13:33:13'),(324,190,18,3,27000.00,81000.00,'2026-07-08 13:33:13'),(325,191,26,2,10000.00,20000.00,'2026-07-08 13:33:13'),(326,191,25,2,27000.00,54000.00,'2026-07-08 13:33:13'),(327,192,5,3,10000.00,30000.00,'2026-07-08 13:33:13'),(328,192,7,1,15000.00,15000.00,'2026-07-08 13:33:13'),(329,192,32,3,62000.00,186000.00,'2026-07-08 13:33:13'),(330,193,28,1,10000.00,10000.00,'2026-07-08 13:33:13'),(331,193,40,3,16000.00,48000.00,'2026-07-08 13:33:13'),(332,194,12,3,3000.00,9000.00,'2026-07-08 13:33:13'),(333,194,34,3,15000.00,45000.00,'2026-07-08 13:33:13'),(334,194,1,2,16000.00,32000.00,'2026-07-08 13:33:13'),(335,195,24,2,16000.00,32000.00,'2026-07-08 13:33:13'),(336,195,46,2,3000.00,6000.00,'2026-07-08 13:33:13'),(337,196,13,2,5500.00,11000.00,'2026-07-08 13:33:13'),(338,196,6,1,62000.00,62000.00,'2026-07-08 13:33:13'),(339,196,12,1,3000.00,3000.00,'2026-07-08 13:33:13'),(340,197,39,1,3000.00,3000.00,'2026-07-08 13:33:13'),(341,197,24,3,16000.00,48000.00,'2026-07-08 13:33:13'),(342,198,11,2,3500.00,7000.00,'2026-07-08 13:33:13'),(343,198,28,2,10000.00,20000.00,'2026-07-08 13:33:13'),(344,199,26,1,10000.00,10000.00,'2026-07-08 13:33:13'),(345,199,35,3,10000.00,30000.00,'2026-07-08 13:33:13'),(346,200,43,1,5500.00,5500.00,'2026-07-08 13:33:13'),(347,200,33,3,4000.00,12000.00,'2026-07-08 13:33:13'),(348,201,26,1,10000.00,10000.00,'2026-07-08 13:33:13'),(349,202,39,2,3000.00,6000.00,'2026-07-08 13:33:13'),(350,202,26,3,10000.00,30000.00,'2026-07-08 13:33:13'),(351,203,40,1,16000.00,16000.00,'2026-07-08 13:33:13'),(352,203,26,2,10000.00,20000.00,'2026-07-08 13:33:13'),(353,204,9,2,27000.00,54000.00,'2026-07-08 13:33:13'),(354,204,18,2,27000.00,54000.00,'2026-07-08 13:33:13'),(355,204,50,2,3000.00,6000.00,'2026-07-08 13:33:13'),(356,205,2,1,15000.00,15000.00,'2026-07-08 13:33:13'),(357,205,32,2,62000.00,124000.00,'2026-07-08 13:33:13'),(358,206,34,3,15000.00,45000.00,'2026-07-08 13:33:13'),(359,206,3,3,3500.00,10500.00,'2026-07-08 13:33:13'),(360,207,38,1,7500.00,7500.00,'2026-07-08 13:33:13'),(361,207,46,3,3000.00,9000.00,'2026-07-08 13:33:13'),(362,208,34,2,15000.00,30000.00,'2026-07-08 13:33:13'),(363,208,28,1,10000.00,10000.00,'2026-07-08 13:33:13'),(364,209,32,3,62000.00,186000.00,'2026-07-08 13:33:13'),(365,209,21,2,27000.00,54000.00,'2026-07-08 13:33:13'),(366,210,25,3,27000.00,81000.00,'2026-07-08 13:33:13'),(367,210,49,2,16000.00,32000.00,'2026-07-08 13:33:13');
/*!40000 ALTER TABLE `detail_transaksi` ENABLE KEYS */;
UNLOCK TABLES;

--
-- Table structure for table `dosen_devices`
--

DROP TABLE IF EXISTS `dosen_devices`;
/*!40101 SET @saved_cs_client     = @@character_set_client */;
/*!50503 SET character_set_client = utf8mb4 */;
CREATE TABLE `dosen_devices` (
  `id` int NOT NULL AUTO_INCREMENT,
  `device_token` varchar(255) NOT NULL,
  `user_agent` text,
  `created_at` timestamp NULL DEFAULT CURRENT_TIMESTAMP,
  PRIMARY KEY (`id`),
  UNIQUE KEY `device_token` (`device_token`)
) ENGINE=InnoDB AUTO_INCREMENT=5 DEFAULT CHARSET=utf8mb4 COLLATE=utf8mb4_0900_ai_ci;
/*!40101 SET character_set_client = @saved_cs_client */;

--
-- Dumping data for table `dosen_devices`
--

LOCK TABLES `dosen_devices` WRITE;
/*!40000 ALTER TABLE `dosen_devices` DISABLE KEYS */;
INSERT INTO `dosen_devices` VALUES (2,'3301aaead6ff301e9bc8476b64901c6e0f540099342f75a2c1fe3d6921966723','Mozilla/5.0 (Macintosh; Intel Mac OS X 10.15; rv:151.0) Gecko/20100101 Firefox/151.0','2026-05-21 10:20:25'),(3,'e5bac2d9949822a98528c39fb25cdeecd8855a09641cf947486283d96edd6a9b','Mozilla/5.0 (Macintosh; Intel Mac OS X 10.15; rv:151.0) Gecko/20100101 Firefox/151.0','2026-06-04 05:54:11'),(4,'33945a40ba3af824fcc3877742fcd3bdaae662e18aa427b2ad63290549dd5bc5','Mozilla/5.0 (Macintosh; Intel Mac OS X 10.15; rv:152.0) Gecko/20100101 Firefox/152.0','2026-07-08 13:25:38');
/*!40000 ALTER TABLE `dosen_devices` ENABLE KEYS */;
UNLOCK TABLES;

--
-- Temporary view structure for view `laporan_bulanan`
--

DROP TABLE IF EXISTS `laporan_bulanan`;
/*!50001 DROP VIEW IF EXISTS `laporan_bulanan`*/;
SET @saved_cs_client     = @@character_set_client;
/*!50503 SET character_set_client = utf8mb4 */;
/*!50001 CREATE VIEW `laporan_bulanan` AS SELECT 
 1 AS `tahun`,
 1 AS `bulan`,
 1 AS `total_transaksi`,
 1 AS `total_pendapatan`,
 1 AS `nama_usaha`,
 1 AS `unit_usaha_id`*/;
SET character_set_client = @saved_cs_client;

--
-- Temporary view structure for view `laporan_harian`
--

DROP TABLE IF EXISTS `laporan_harian`;
/*!50001 DROP VIEW IF EXISTS `laporan_harian`*/;
SET @saved_cs_client     = @@character_set_client;
/*!50503 SET character_set_client = utf8mb4 */;
/*!50001 CREATE VIEW `laporan_harian` AS SELECT 
 1 AS `tanggal`,
 1 AS `total_transaksi`,
 1 AS `total_pendapatan`,
 1 AS `nama_usaha`,
 1 AS `unit_usaha_id`*/;
SET character_set_client = @saved_cs_client;

--
-- Table structure for table `logs`
--

DROP TABLE IF EXISTS `logs`;
/*!40101 SET @saved_cs_client     = @@character_set_client */;
/*!50503 SET character_set_client = utf8mb4 */;
CREATE TABLE `logs` (
  `id` int NOT NULL AUTO_INCREMENT,
  `user_id` int DEFAULT NULL,
  `action` varchar(50) NOT NULL,
  `target_type` varchar(50) DEFAULT NULL,
  `target_id` int DEFAULT NULL,
  `description` text,
  `created_at` timestamp NULL DEFAULT CURRENT_TIMESTAMP,
  PRIMARY KEY (`id`),
  KEY `user_id` (`user_id`),
  CONSTRAINT `logs_ibfk_1` FOREIGN KEY (`user_id`) REFERENCES `users` (`id`) ON DELETE SET NULL
) ENGINE=InnoDB AUTO_INCREMENT=80 DEFAULT CHARSET=utf8mb4 COLLATE=utf8mb4_0900_ai_ci;
/*!40101 SET character_set_client = @saved_cs_client */;

--
-- Dumping data for table `logs`
--

LOCK TABLES `logs` WRITE;
/*!40000 ALTER TABLE `logs` DISABLE KEYS */;
INSERT INTO `logs` VALUES (1,18,'CREATE','USER',175,'Menambah pengguna baru: tester (Role: pengurus).','2026-05-20 23:32:30'),(2,18,'UPDATE','USER',175,'Memperbarui data pengguna: tester.','2026-05-20 23:32:50'),(3,18,'CREATE','USER',176,'Menambah pengguna baru: Operator (Role: operator).','2026-05-31 03:43:32'),(4,18,'CREATE','USER',177,'Menambah pengguna baru: auditor (Role: auditor).','2026-05-31 03:51:51'),(5,18,'UPDATE','USER',177,'Mengubah status pengguna auditor menjadi nonactive.','2026-05-31 03:55:07'),(6,18,'UPDATE','USER',177,'Memperbarui data pengguna: auditor.','2026-05-31 03:55:21'),(7,18,'UPDATE','USER',177,'Mengubah status pengguna auditor menjadi nonactive.','2026-05-31 03:55:37'),(8,18,'UPDATE','USER',177,'Mengubah status pengguna auditor menjadi active.','2026-05-31 03:56:01'),(9,18,'UPDATE','USER',177,'Mengubah status pengguna auditor menjadi nonactive.','2026-05-31 03:56:10'),(10,18,'UPDATE','USER',177,'Memperbarui data pengguna: auditor.','2026-05-31 03:58:19'),(11,18,'UPDATE','USER',177,'Mengubah status pengguna auditor menjadi nonactive.','2026-05-31 03:58:30'),(12,18,'CREATE','USER',178,'Menambah pengguna baru: pengurus (Role: pengurus).','2026-05-31 04:01:28'),(13,178,'LOGOUT','AUTH',178,'User pengurus (Role: pengurus) keluar dari sistem.','2026-06-04 06:23:19'),(14,178,'LOGIN','AUTH',178,'User pengurus (Role: pengurus) berhasil masuk ke sistem.','2026-06-04 06:23:49'),(15,178,'CREATE','TRANSAKSI',105,'Membuat transaksi kasir baru #105 senilai Rp 16.000 (Cash).','2026-06-04 06:24:24'),(16,178,'LOGOUT','AUTH',178,'User pengurus (Role: pengurus) keluar dari sistem.','2026-06-04 06:25:11'),(17,176,'LOGIN','AUTH',176,'User Operator (Role: operator) berhasil masuk ke sistem.','2026-06-04 06:25:14'),(18,176,'LOGOUT','AUTH',176,'User Operator (Role: operator) keluar dari sistem.','2026-06-04 06:25:22'),(19,178,'LOGIN','AUTH',178,'User pengurus (Role: pengurus) berhasil masuk ke sistem.','2026-06-04 06:25:25'),(20,178,'CREATE','TRANSAKSI',106,'Membuat transaksi kasir baru #106 senilai Rp 16.000 (Cash).','2026-06-04 06:28:04'),(21,178,'CREATE','TRANSAKSI',107,'Membuat transaksi kasir baru #107 senilai Rp 16.000 (Cash).','2026-06-04 06:28:14'),(22,178,'LOGOUT','AUTH',178,'User pengurus (Role: pengurus) keluar dari sistem.','2026-06-04 06:28:50'),(23,176,'LOGIN','AUTH',176,'User Operator (Role: operator) berhasil masuk ke sistem.','2026-06-04 06:28:52'),(24,176,'LOGOUT','AUTH',176,'User Operator (Role: operator) keluar dari sistem.','2026-06-04 06:29:25'),(25,18,'LOGIN','AUTH',18,'User Administrator (Role: admin) berhasil masuk ke sistem.','2026-06-04 12:14:45'),(26,18,'UPDATE','USER',71,'Mengubah status pengguna Andi Saputra menjadi nonactive.','2026-06-05 02:04:29'),(27,18,'UPDATE','USER',71,'Mengubah status pengguna Andi Saputra menjadi active.','2026-06-05 02:04:31'),(28,18,'LOGOUT','AUTH',18,'User Administrator (Role: admin) keluar dari sistem.','2026-06-05 03:00:20'),(29,178,'LOGIN','AUTH',178,'User pengurus (Role: pengurus) berhasil masuk ke sistem.','2026-06-05 03:00:22'),(30,18,'LOGIN','AUTH',18,'User Administrator (Role: admin) berhasil masuk ke sistem.','2026-06-07 03:19:05'),(31,18,'LOGIN','AUTH',18,'User Administrator (Role: admin) berhasil masuk ke sistem.','2026-06-07 03:19:07'),(32,178,'LOGIN','AUTH',178,'User pengurus (Role: pengurus) berhasil masuk ke sistem.','2026-06-07 04:44:52'),(33,178,'LOGOUT','AUTH',178,'User pengurus (Role: pengurus) keluar dari sistem.','2026-06-07 04:45:00'),(34,176,'LOGIN','AUTH',176,'User Operator (Role: operator) berhasil masuk ke sistem.','2026-06-07 04:45:02'),(35,176,'LOGOUT','AUTH',176,'User Operator (Role: operator) keluar dari sistem.','2026-06-07 06:44:59'),(36,178,'LOGIN','AUTH',178,'User pengurus (Role: pengurus) berhasil masuk ke sistem.','2026-06-07 06:45:01'),(37,178,'LOGIN','AUTH',178,'User pengurus (Role: pengurus) berhasil masuk ke sistem.','2026-06-07 06:45:03'),(38,18,'CREATE','TRANSAKSI',108,'Membuat transaksi kasir baru #108 senilai Rp 16.000 (Cash).','2026-06-07 09:53:29'),(39,18,'CREATE','TRANSAKSI',109,'Membuat transaksi kasir baru #109 senilai Rp 16.000 (Cash).','2026-06-07 09:53:45'),(40,178,'CREATE','TRANSAKSI',110,'Membuat transaksi kasir baru #110 senilai Rp 16.000 (Cash).','2026-06-07 09:55:02'),(41,178,'LOGOUT','AUTH',178,'User pengurus (Role: pengurus) keluar dari sistem.','2026-06-07 10:04:35'),(42,176,'LOGIN','AUTH',176,'User Operator (Role: operator) berhasil masuk ke sistem.','2026-06-07 10:04:38'),(43,176,'LOGOUT','AUTH',176,'User Operator (Role: operator) keluar dari sistem.','2026-06-07 10:06:14'),(44,18,'UPDATE','USER',177,'Mengubah status pengguna auditor menjadi active.','2026-06-07 10:06:34'),(45,177,'LOGIN','AUTH',177,'User auditor (Role: auditor) berhasil masuk ke sistem.','2026-06-07 10:06:37'),(46,177,'LOGOUT','AUTH',177,'User auditor (Role: auditor) keluar dari sistem.','2026-06-08 01:39:16'),(47,178,'LOGIN','AUTH',178,'User pengurus (Role: pengurus) berhasil masuk ke sistem.','2026-06-08 01:39:18'),(48,178,'LOGOUT','AUTH',178,'User pengurus (Role: pengurus) keluar dari sistem.','2026-06-08 01:50:29'),(49,176,'LOGIN','AUTH',176,'User Operator (Role: operator) berhasil masuk ke sistem.','2026-06-08 01:50:31'),(50,18,'LOGIN','AUTH',18,'User Administrator (Role: admin) berhasil masuk ke sistem.','2026-06-09 01:34:08'),(51,176,'LOGOUT','AUTH',176,'User Operator (Role: operator) keluar dari sistem.','2026-06-09 01:35:48'),(52,178,'LOGIN','AUTH',178,'User pengurus (Role: pengurus) berhasil masuk ke sistem.','2026-06-09 01:35:51'),(53,178,'LOGOUT','AUTH',178,'User pengurus (Role: pengurus) keluar dari sistem.','2026-06-09 01:35:53'),(54,176,'LOGIN','AUTH',176,'User Operator (Role: operator) berhasil masuk ke sistem.','2026-06-09 01:35:55'),(55,176,'LOGOUT','AUTH',176,'User Operator (Role: operator) keluar dari sistem.','2026-06-09 01:36:03'),(56,177,'LOGIN','AUTH',177,'User auditor (Role: auditor) berhasil masuk ke sistem.','2026-06-09 01:36:06'),(57,177,'LOGOUT','AUTH',177,'User auditor (Role: auditor) keluar dari sistem.','2026-06-09 01:36:18'),(58,176,'LOGIN','AUTH',176,'User Operator (Role: operator) berhasil masuk ke sistem.','2026-06-09 01:36:20'),(59,176,'LOGOUT','AUTH',176,'User Operator (Role: operator) keluar dari sistem.','2026-06-09 06:09:27'),(60,177,'LOGIN','AUTH',177,'User auditor (Role: auditor) berhasil masuk ke sistem.','2026-06-09 06:09:30'),(61,177,'LOGOUT','AUTH',177,'User auditor (Role: auditor) keluar dari sistem.','2026-06-09 06:09:32'),(62,178,'LOGIN','AUTH',178,'User pengurus (Role: pengurus) berhasil masuk ke sistem.','2026-06-09 06:09:34'),(63,178,'LOGOUT','AUTH',178,'User pengurus (Role: pengurus) keluar dari sistem.','2026-06-09 06:09:37'),(64,18,'LOGIN','AUTH',18,'User Administrator (Role: admin) berhasil masuk ke sistem.','2026-06-09 06:09:39'),(65,18,'LOGOUT','AUTH',18,'User Administrator (Role: admin) keluar dari sistem.','2026-06-09 06:18:14'),(66,178,'LOGIN','AUTH',178,'User pengurus (Role: pengurus) berhasil masuk ke sistem.','2026-06-09 06:18:17'),(67,178,'LOGOUT','AUTH',178,'User pengurus (Role: pengurus) keluar dari sistem.','2026-06-09 06:18:19'),(68,176,'LOGIN','AUTH',176,'User Operator (Role: operator) berhasil masuk ke sistem.','2026-06-09 06:18:20'),(69,18,'LOGIN','AUTH',18,'User Administrator (Role: admin) berhasil masuk ke sistem.','2026-07-08 13:24:08'),(70,18,'LOGOUT','AUTH',18,'User Administrator (Role: admin) keluar dari sistem.','2026-07-08 13:24:26'),(71,174,'LOGIN','AUTH',174,'Dosen Penguji (Dosen Penguji) berhasil masuk ke sistem menggunakan Quick Login.','2026-07-08 13:25:38'),(72,174,'LOGOUT','AUTH',174,'User Dosen Penguji (Role: admin) keluar dari sistem.','2026-07-08 13:25:40'),(73,174,'LOGIN','AUTH',174,'Dosen Penguji (Dosen Penguji) berhasil masuk ke sistem menggunakan Quick Login.','2026-07-08 13:26:20'),(74,174,'LOGOUT','AUTH',174,'User Dosen Penguji (Role: admin) keluar dari sistem.','2026-07-08 13:26:24'),(75,18,'LOGIN','AUTH',18,'User Administrator (Role: admin) berhasil masuk ke sistem.','2026-07-08 13:26:27'),(76,18,'LOGOUT','AUTH',18,'User Administrator (Role: admin) keluar dari sistem.','2026-07-08 13:27:40'),(77,18,'LOGIN','AUTH',18,'User Administrator (Role: admin) berhasil masuk ke sistem.','2026-07-08 13:27:45'),(78,18,'LOGOUT','AUTH',18,'User Administrator (Role: admin) keluar dari sistem.','2026-07-08 13:33:28'),(79,18,'LOGIN','AUTH',18,'User Administrator (Role: admin) berhasil masuk ke sistem.','2026-07-08 13:33:30');
/*!40000 ALTER TABLE `logs` ENABLE KEYS */;
UNLOCK TABLES;

--
-- Table structure for table `sessions`
--

DROP TABLE IF EXISTS `sessions`;
/*!40101 SET @saved_cs_client     = @@character_set_client */;
/*!50503 SET character_set_client = utf8mb4 */;
CREATE TABLE `sessions` (
  `session_id` varchar(128) CHARACTER SET utf8mb4 COLLATE utf8mb4_bin NOT NULL,
  `expires` int unsigned NOT NULL,
  `data` mediumtext CHARACTER SET utf8mb4 COLLATE utf8mb4_bin,
  PRIMARY KEY (`session_id`)
) ENGINE=InnoDB DEFAULT CHARSET=utf8mb4 COLLATE=utf8mb4_0900_ai_ci;
/*!40101 SET character_set_client = @saved_cs_client */;

--
-- Dumping data for table `sessions`
--

LOCK TABLES `sessions` WRITE;
/*!40000 ALTER TABLE `sessions` DISABLE KEYS */;
INSERT INTO `sessions` VALUES ('2gASZZm5VlDjwKSHZVzZzeJE0S3TQuHx',1781095129,'{\"cookie\":{\"originalMaxAge\":86400000,\"expires\":\"2026-06-10T01:34:08.886Z\",\"secure\":false,\"httpOnly\":true,\"path\":\"/\",\"sameSite\":\"lax\"},\"csrfSecret\":\"irUIH-97SvVIh3mngSCD8gSl\",\"flash\":{},\"user\":{\"id\":18,\"username\":\"admin\",\"nama_lengkap\":\"Administrator\",\"role\":\"admin\"}}'),('Ot8QIXsZ5YM5qea2HglZ7XdWMQKf5syV',1781072673,'{\"cookie\":{\"originalMaxAge\":86400000,\"expires\":\"2026-06-10T06:18:20.825Z\",\"secure\":false,\"httpOnly\":true,\"path\":\"/\",\"sameSite\":\"lax\"},\"csrfSecret\":\"simVXOCm75xQHT3TcoZKA8gJ\",\"flash\":{},\"user\":{\"id\":176,\"username\":\"operator\",\"nama_lengkap\":\"Operator\",\"role\":\"operator\"}}'),('RJunXmHh29x4DrGSjKOZwSLiYUY36O2I',1782205863,'{\"cookie\":{\"originalMaxAge\":86400000,\"expires\":\"2026-06-23T09:11:02.834Z\",\"secure\":false,\"httpOnly\":true,\"path\":\"/\",\"sameSite\":\"lax\"},\"csrfSecret\":\"BxLb0G2VV0VOf02SdCzZf6_3\",\"flash\":{}}'),('V2DgUU7I5e08qwrUulz8kWGPSgSSyN8F',1783604076,'{\"cookie\":{\"originalMaxAge\":86400000,\"expires\":\"2026-07-09T13:33:30.363Z\",\"secure\":false,\"httpOnly\":true,\"path\":\"/\",\"sameSite\":\"lax\"},\"csrfSecret\":\"AfueDBYYkzaoImfnZ46CWC53\",\"flash\":{},\"user\":{\"id\":18,\"username\":\"admin\",\"nama_lengkap\":\"Administrator\",\"role\":\"admin\"}}'),('Z0Z_BXDhkL5NANjTa-ZZILTdKWGIDE3U',1782205867,'{\"cookie\":{\"originalMaxAge\":86400000,\"expires\":\"2026-06-23T09:11:02.852Z\",\"secure\":false,\"httpOnly\":true,\"path\":\"/\",\"sameSite\":\"lax\"},\"csrfSecret\":\"I851AFuq0X2DlAYU6SwIcPH-\",\"flash\":{}}');
/*!40000 ALTER TABLE `sessions` ENABLE KEYS */;
UNLOCK TABLES;

--
-- Table structure for table `supplier`
--

DROP TABLE IF EXISTS `supplier`;
/*!40101 SET @saved_cs_client     = @@character_set_client */;
/*!50503 SET character_set_client = utf8mb4 */;
CREATE TABLE `supplier` (
  `id` int NOT NULL AUTO_INCREMENT,
  `nama_penanggung_jawab` varchar(100) NOT NULL,
  `nama_toko` varchar(100) NOT NULL,
  `email` varchar(100) DEFAULT NULL,
  `alamat` text NOT NULL,
  `nomor_telepon` varchar(20) NOT NULL,
  `created_at` timestamp NULL DEFAULT CURRENT_TIMESTAMP,
  PRIMARY KEY (`id`)
) ENGINE=InnoDB AUTO_INCREMENT=101 DEFAULT CHARSET=utf8mb4 COLLATE=utf8mb4_0900_ai_ci;
/*!40101 SET character_set_client = @saved_cs_client */;

--
-- Dumping data for table `supplier`
--

LOCK TABLES `supplier` WRITE;
/*!40000 ALTER TABLE `supplier` DISABLE KEYS */;
INSERT INTO `supplier` VALUES (1,'PJ CV Desa Mandiri','CV Desa Mandiri','cvdesamandiri@gmail.com','Jl. Industri Koperasi No. 1, Sukadalem','089900000001','2026-05-17 02:05:10'),(2,'PJ CV Mitra Sejahtera','CV Mitra Sejahtera','cvmitrasejahtera@gmail.com','Jl. Industri Koperasi No. 2, Sukadalem','089900000002','2026-05-17 02:05:10'),(3,'PJ PT Sumber Makmur','PT Sumber Makmur','ptsumbermakmur@gmail.com','Jl. Industri Koperasi No. 3, Sukadalem','089900000003','2026-05-17 02:05:10'),(4,'PJ UD Berkah Jaya','UD Berkah Jaya','udberkahjaya@gmail.com','Jl. Industri Koperasi No. 4, Sukadalem','089900000004','2026-05-17 02:05:10'),(5,'PJ PT Pangan Nusantara','PT Pangan Nusantara','ptpangannusantara@gmail.com','Jl. Industri Koperasi No. 5, Sukadalem','089900000005','2026-05-17 02:05:11'),(6,'PJ CV Amanah Sentosa','CV Amanah Sentosa','cvamanahsentosa@gmail.com','Jl. Industri Koperasi No. 6, Sukadalem','089900000006','2026-05-17 02:05:11'),(7,'PJ PT Cahaya Abadi','PT Cahaya Abadi','ptcahayaabadi@gmail.com','Jl. Industri Koperasi No. 7, Sukadalem','089900000007','2026-05-17 02:05:11'),(8,'PJ UD Sinar Jaya','UD Sinar Jaya','udsinarjaya@gmail.com','Jl. Industri Koperasi No. 8, Sukadalem','089900000008','2026-05-17 02:05:11'),(9,'PJ CV Karya Bersama','CV Karya Bersama','cvkaryabersama@gmail.com','Jl. Industri Koperasi No. 9, Sukadalem','089900000009','2026-05-17 02:05:11'),(10,'PJ PT Tunas Harapan','PT Tunas Harapan','pttunasharapan@gmail.com','Jl. Industri Koperasi No. 10, Sukadalem','089900000010','2026-05-17 02:05:11'),(11,'PJ UD Maju Lancar','UD Maju Lancar','udmajulancar@gmail.com','Jl. Industri Koperasi No. 11, Sukadalem','089900000011','2026-05-17 02:05:11'),(12,'PJ CV Prima Mandiri','CV Prima Mandiri','cvprimamandiri@gmail.com','Jl. Industri Koperasi No. 12, Sukadalem','089900000012','2026-05-17 02:05:12'),(13,'PJ PT Bumi Sejahtera','PT Bumi Sejahtera','ptbumisejahtera@gmail.com','Jl. Industri Koperasi No. 13, Sukadalem','089900000013','2026-05-17 02:05:12'),(14,'PJ UD Berkah Sentosa','UD Berkah Sentosa','udberkahsentosa@gmail.com','Jl. Industri Koperasi No. 14, Sukadalem','089900000014','2026-05-17 02:05:12'),(15,'PJ CV Lestari Jaya','CV Lestari Jaya','cvlestarijaya@gmail.com','Jl. Industri Koperasi No. 15, Sukadalem','089900000015','2026-05-17 02:05:12'),(16,'PJ PT Surya Makmur','PT Surya Makmur','ptsuryamakmur@gmail.com','Jl. Industri Koperasi No. 16, Sukadalem','089900000016','2026-05-17 02:05:12'),(17,'PJ UD Harapan Baru','UD Harapan Baru','udharapanbaru@gmail.com','Jl. Industri Koperasi No. 17, Sukadalem','089900000017','2026-05-17 02:05:12'),(18,'PJ CV Anugerah Abadi','CV Anugerah Abadi','cvanugerahabadi@gmail.com','Jl. Industri Koperasi No. 18, Sukadalem','089900000018','2026-05-17 02:05:12'),(19,'PJ PT Mandiri Pangan','PT Mandiri Pangan','ptmandiripangan@gmail.com','Jl. Industri Koperasi No. 19, Sukadalem','089900000019','2026-05-17 02:05:13'),(20,'PJ UD Sumber Rezeki','UD Sumber Rezeki','udsumberrezeki@gmail.com','Jl. Industri Koperasi No. 20, Sukadalem','089900000020','2026-05-17 02:05:13'),(21,'PJ CV Sejahtera Bersama','CV Sejahtera Bersama','cvsejahterabersama@gmail.com','Jl. Industri Koperasi No. 21, Sukadalem','089900000021','2026-05-17 02:05:13'),(22,'PJ PT Indo Makmur','PT Indo Makmur','ptindomakmur@gmail.com','Jl. Industri Koperasi No. 22, Sukadalem','089900000022','2026-05-17 02:05:13'),(23,'PJ UD Jaya Abadi','UD Jaya Abadi','udjayaabadi@gmail.com','Jl. Industri Koperasi No. 23, Sukadalem','089900000023','2026-05-17 02:05:13'),(24,'PJ CV Nusantara Prima','CV Nusantara Prima','cvnusantaraprima@gmail.com','Jl. Industri Koperasi No. 24, Sukadalem','089900000024','2026-05-17 02:05:13'),(25,'PJ PT Global Sentosa','PT Global Sentosa','ptglobalsentosa@gmail.com','Jl. Industri Koperasi No. 25, Sukadalem','089900000025','2026-05-17 02:05:13'),(26,'PJ UD Cahaya Mandiri','UD Cahaya Mandiri','udcahayamandiri@gmail.com','Jl. Industri Koperasi No. 26, Sukadalem','089900000026','2026-05-17 02:05:14'),(27,'PJ CV Berkah Utama','CV Berkah Utama','cvberkahutama@gmail.com','Jl. Industri Koperasi No. 27, Sukadalem','089900000027','2026-05-17 02:05:14'),(28,'PJ PT Mitra Abadi','PT Mitra Abadi','ptmitraabadi@gmail.com','Jl. Industri Koperasi No. 28, Sukadalem','089900000028','2026-05-17 02:05:14'),(29,'PJ UD Sari Makmur','UD Sari Makmur','udsarimakmur@gmail.com','Jl. Industri Koperasi No. 29, Sukadalem','089900000029','2026-05-17 02:05:14'),(30,'PJ CV Sumber Jaya','CV Sumber Jaya','cvsumberjaya@gmail.com','Jl. Industri Koperasi No. 30, Sukadalem','089900000030','2026-05-17 02:05:14'),(31,'PJ PT Lintas Pangan','PT Lintas Pangan','ptlintaspangan@gmail.com','Jl. Industri Koperasi No. 31, Sukadalem','089900000031','2026-05-17 02:05:14'),(32,'PJ UD Prima Sejahtera','UD Prima Sejahtera','udprimasejahtera@gmail.com','Jl. Industri Koperasi No. 32, Sukadalem','089900000032','2026-05-17 02:05:14'),(33,'PJ CV Makmur Bersama','CV Makmur Bersama','cvmakmurbersama@gmail.com','Jl. Industri Koperasi No. 33, Sukadalem','089900000033','2026-05-17 02:05:15'),(34,'PJ PT Karya Nusantara','PT Karya Nusantara','ptkaryanusantara@gmail.com','Jl. Industri Koperasi No. 34, Sukadalem','089900000034','2026-05-17 02:05:15'),(35,'PJ UD Sentosa Jaya','UD Sentosa Jaya','udsentosajaya@gmail.com','Jl. Industri Koperasi No. 35, Sukadalem','089900000035','2026-05-17 02:05:15'),(36,'PJ CV Tani Mandiri','CV Tani Mandiri','cvtanimandiri@gmail.com','Jl. Industri Koperasi No. 36, Sukadalem','089900000036','2026-05-17 02:05:15'),(37,'PJ PT Agro Sejahtera','PT Agro Sejahtera','ptagrosejahtera@gmail.com','Jl. Industri Koperasi No. 37, Sukadalem','089900000037','2026-05-17 02:05:15'),(38,'PJ UD Murni Jaya','UD Murni Jaya','udmurnijaya@gmail.com','Jl. Industri Koperasi No. 38, Sukadalem','089900000038','2026-05-17 02:05:15'),(39,'PJ CV Cahaya Pangan','CV Cahaya Pangan','cvcahayapangan@gmail.com','Jl. Industri Koperasi No. 39, Sukadalem','089900000039','2026-05-17 02:05:15'),(40,'PJ PT Sinar Nusantara','PT Sinar Nusantara','ptsinarnusantara@gmail.com','Jl. Industri Koperasi No. 40, Sukadalem','089900000040','2026-05-17 02:05:16'),(41,'PJ UD Berkah Makmur','UD Berkah Makmur','udberkahmakmur@gmail.com','Jl. Industri Koperasi No. 41, Sukadalem','089900000041','2026-05-17 02:05:16'),(42,'PJ CV Mandiri Utama','CV Mandiri Utama','cvmandiriutama@gmail.com','Jl. Industri Koperasi No. 42, Sukadalem','089900000042','2026-05-17 02:05:16'),(43,'PJ PT Harapan Sentosa','PT Harapan Sentosa','ptharapansentosa@gmail.com','Jl. Industri Koperasi No. 43, Sukadalem','089900000043','2026-05-17 02:05:16'),(44,'PJ UD Sumber Mandiri','UD Sumber Mandiri','udsumbermandiri@gmail.com','Jl. Industri Koperasi No. 44, Sukadalem','089900000044','2026-05-17 02:05:16'),(45,'PJ CV Pangan Lestari','CV Pangan Lestari','cvpanganlestari@gmail.com','Jl. Industri Koperasi No. 45, Sukadalem','089900000045','2026-05-17 02:05:16'),(46,'PJ PT Mitra Nusantara','PT Mitra Nusantara','ptmitranusantara@gmail.com','Jl. Industri Koperasi No. 46, Sukadalem','089900000046','2026-05-17 02:05:16'),(47,'PJ UD Jaya Sentosa','UD Jaya Sentosa','udjayasentosa@gmail.com','Jl. Industri Koperasi No. 47, Sukadalem','089900000047','2026-05-17 02:05:17'),(48,'PJ CV Tunas Mandiri','CV Tunas Mandiri','cvtunasmandiri@gmail.com','Jl. Industri Koperasi No. 48, Sukadalem','089900000048','2026-05-17 02:05:17'),(49,'PJ PT Prima Abadi','PT Prima Abadi','ptprimaabadi@gmail.com','Jl. Industri Koperasi No. 49, Sukadalem','089900000049','2026-05-17 02:05:17'),(50,'PJ UD Lestari Makmur','UD Lestari Makmur','udlestarimakmur@gmail.com','Jl. Industri Koperasi No. 50, Sukadalem','089900000050','2026-05-17 02:05:17'),(51,'PJ CV Indo Sejahtera','CV Indo Sejahtera','cvindosejahtera@gmail.com','Jl. Industri Koperasi No. 51, Sukadalem','089900000051','2026-05-17 02:05:17'),(52,'PJ PT Sumber Abadi','PT Sumber Abadi','ptsumberabadi@gmail.com','Jl. Industri Koperasi No. 52, Sukadalem','089900000052','2026-05-17 02:05:17'),(53,'PJ UD Karya Mandiri','UD Karya Mandiri','udkaryamandiri@gmail.com','Jl. Industri Koperasi No. 53, Sukadalem','089900000053','2026-05-17 02:05:17'),(54,'PJ CV Global Makmur','CV Global Makmur','cvglobalmakmur@gmail.com','Jl. Industri Koperasi No. 54, Sukadalem','089900000054','2026-05-17 02:05:18'),(55,'PJ PT Berkah Nusantara','PT Berkah Nusantara','ptberkahnusantara@gmail.com','Jl. Industri Koperasi No. 55, Sukadalem','089900000055','2026-05-17 02:05:18'),(56,'PJ UD Cahaya Sentosa','UD Cahaya Sentosa','udcahayasentosa@gmail.com','Jl. Industri Koperasi No. 56, Sukadalem','089900000056','2026-05-17 02:05:18'),(57,'PJ CV Surya Mandiri','CV Surya Mandiri','cvsuryamandiri@gmail.com','Jl. Industri Koperasi No. 57, Sukadalem','089900000057','2026-05-17 02:05:18'),(58,'PJ PT Amanah Jaya','PT Amanah Jaya','ptamanahjaya@gmail.com','Jl. Industri Koperasi No. 58, Sukadalem','089900000058','2026-05-17 02:05:18'),(59,'PJ UD Mitra Makmur','UD Mitra Makmur','udmitramakmur@gmail.com','Jl. Industri Koperasi No. 59, Sukadalem','089900000059','2026-05-17 02:05:18'),(60,'PJ CV Bumi Pangan','CV Bumi Pangan','cvbumipangan@gmail.com','Jl. Industri Koperasi No. 60, Sukadalem','089900000060','2026-05-17 02:05:18'),(61,'PJ PT Jaya Makmur','PT Jaya Makmur','ptjayamakmur@gmail.com','Jl. Industri Koperasi No. 61, Sukadalem','089900000061','2026-05-17 02:05:19'),(62,'PJ UD Sinar Abadi','UD Sinar Abadi','udsinarabadi@gmail.com','Jl. Industri Koperasi No. 62, Sukadalem','089900000062','2026-05-17 02:05:19'),(63,'PJ CV Harapan Jaya','CV Harapan Jaya','cvharapanjaya@gmail.com','Jl. Industri Koperasi No. 63, Sukadalem','089900000063','2026-05-17 02:05:19'),(64,'PJ PT Lestari Mandiri','PT Lestari Mandiri','ptlestarimandiri@gmail.com','Jl. Industri Koperasi No. 64, Sukadalem','089900000064','2026-05-17 02:05:19'),(65,'PJ UD Nusantara Makmur','UD Nusantara Makmur','udnusantaramakmur@gmail.com','Jl. Industri Koperasi No. 65, Sukadalem','089900000065','2026-05-17 02:05:19'),(66,'PJ CV Prima Sentosa','CV Prima Sentosa','cvprimasentosa@gmail.com','Jl. Industri Koperasi No. 66, Sukadalem','089900000066','2026-05-17 02:05:19'),(67,'PJ PT Karya Abadi','PT Karya Abadi','ptkaryaabadi@gmail.com','Jl. Industri Koperasi No. 67, Sukadalem','089900000067','2026-05-17 02:05:20'),(68,'PJ UD Mandiri Jaya','UD Mandiri Jaya','udmandirijaya@gmail.com','Jl. Industri Koperasi No. 68, Sukadalem','089900000068','2026-05-17 02:05:20'),(69,'PJ CV Sari Pangan','CV Sari Pangan','cvsaripangan@gmail.com','Jl. Industri Koperasi No. 69, Sukadalem','089900000069','2026-05-17 02:05:20'),(70,'PJ PT Cahaya Makmur','PT Cahaya Makmur','ptcahayamakmur@gmail.com','Jl. Industri Koperasi No. 70, Sukadalem','089900000070','2026-05-17 02:05:20'),(71,'PJ UD Agro Mandiri','UD Agro Mandiri','udagromandiri@gmail.com','Jl. Industri Koperasi No. 71, Sukadalem','089900000071','2026-05-17 02:05:20'),(72,'PJ CV Mitra Pangan','CV Mitra Pangan','cvmitrapangan@gmail.com','Jl. Industri Koperasi No. 72, Sukadalem','089900000072','2026-05-17 02:05:20'),(73,'PJ PT Sumber Sentosa','PT Sumber Sentosa','ptsumbersentosa@gmail.com','Jl. Industri Koperasi No. 73, Sukadalem','089900000073','2026-05-17 02:05:20'),(74,'PJ UD Berkah Pangan','UD Berkah Pangan','udberkahpangan@gmail.com','Jl. Industri Koperasi No. 74, Sukadalem','089900000074','2026-05-17 02:05:20'),(75,'PJ CV Tani Sejahtera','CV Tani Sejahtera','cvtanisejahtera@gmail.com','Jl. Industri Koperasi No. 75, Sukadalem','089900000075','2026-05-17 02:05:21'),(76,'PJ PT Indo Pangan','PT Indo Pangan','ptindopangan@gmail.com','Jl. Industri Koperasi No. 76, Sukadalem','089900000076','2026-05-17 02:05:21'),(77,'PJ UD Global Jaya','UD Global Jaya','udglobaljaya@gmail.com','Jl. Industri Koperasi No. 77, Sukadalem','089900000077','2026-05-17 02:05:21'),(78,'PJ CV Nusantara Jaya','CV Nusantara Jaya','cvnusantarajaya@gmail.com','Jl. Industri Koperasi No. 78, Sukadalem','089900000078','2026-05-17 02:05:21'),(79,'PJ PT Surya Abadi','PT Surya Abadi','ptsuryaabadi@gmail.com','Jl. Industri Koperasi No. 79, Sukadalem','089900000079','2026-05-17 02:05:21'),(80,'PJ UD Amanah Makmur','UD Amanah Makmur','udamanahmakmur@gmail.com','Jl. Industri Koperasi No. 80, Sukadalem','089900000080','2026-05-17 02:05:21'),(81,'PJ CV Karya Pangan','CV Karya Pangan','cvkaryapangan@gmail.com','Jl. Industri Koperasi No. 81, Sukadalem','089900000081','2026-05-17 02:05:22'),(82,'PJ PT Bumi Makmur','PT Bumi Makmur','ptbumimakmur@gmail.com','Jl. Industri Koperasi No. 82, Sukadalem','089900000082','2026-05-17 02:05:22'),(83,'PJ UD Prima Mandiri','UD Prima Mandiri','udprimamandiri@gmail.com','Jl. Industri Koperasi No. 83, Sukadalem','089900000083','2026-05-17 02:05:22'),(84,'PJ CV Lintas Sejahtera','CV Lintas Sejahtera','cvlintassejahtera@gmail.com','Jl. Industri Koperasi No. 84, Sukadalem','089900000084','2026-05-17 02:05:22'),(85,'PJ PT Sinar Mandiri','PT Sinar Mandiri','ptsinarmandiri@gmail.com','Jl. Industri Koperasi No. 85, Sukadalem','089900000085','2026-05-17 02:05:22'),(86,'PJ UD Harapan Makmur','UD Harapan Makmur','udharapanmakmur@gmail.com','Jl. Industri Koperasi No. 86, Sukadalem','089900000086','2026-05-17 02:05:22'),(87,'PJ CV Mandiri Pangan','CV Mandiri Pangan','cvmandiripangan@gmail.com','Jl. Industri Koperasi No. 87, Sukadalem','089900000087','2026-05-17 02:05:22'),(88,'PJ PT Jaya Sentosa','PT Jaya Sentosa','ptjayasentosa@gmail.com','Jl. Industri Koperasi No. 88, Sukadalem','089900000088','2026-05-17 02:05:23'),(89,'PJ UD Lestari Jaya','UD Lestari Jaya','udlestarijaya@gmail.com','Jl. Industri Koperasi No. 89, Sukadalem','089900000089','2026-05-17 02:05:23'),(90,'PJ CV Cahaya Utama','CV Cahaya Utama','cvcahayautama@gmail.com','Jl. Industri Koperasi No. 90, Sukadalem','089900000090','2026-05-17 02:05:23'),(91,'PJ PT Mitra Makmur','PT Mitra Makmur','ptmitramakmur@gmail.com','Jl. Industri Koperasi No. 91, Sukadalem','089900000091','2026-05-17 02:05:23'),(92,'PJ UD Sumber Pangan','UD Sumber Pangan','udsumberpangan@gmail.com','Jl. Industri Koperasi No. 92, Sukadalem','089900000092','2026-05-17 02:05:23'),(93,'PJ CV Agro Lestari','CV Agro Lestari','cvagrolestari@gmail.com','Jl. Industri Koperasi No. 93, Sukadalem','089900000093','2026-05-17 02:05:23'),(94,'PJ PT Prima Nusantara','PT Prima Nusantara','ptprimanusantara@gmail.com','Jl. Industri Koperasi No. 94, Sukadalem','089900000094','2026-05-17 02:05:23'),(95,'PJ UD Karya Sentosa','UD Karya Sentosa','udkaryasentosa@gmail.com','Jl. Industri Koperasi No. 95, Sukadalem','089900000095','2026-05-17 02:05:24'),(96,'PJ CV Berkah Lestari','CV Berkah Lestari','cvberkahlestari@gmail.com','Jl. Industri Koperasi No. 96, Sukadalem','089900000096','2026-05-17 02:05:24'),(97,'PJ PT Amanah Sentosa','PT Amanah Sentosa','ptamanahsentosa@gmail.com','Jl. Industri Koperasi No. 97, Sukadalem','089900000097','2026-05-17 02:05:24'),(98,'PJ UD Tunas Jaya','UD Tunas Jaya','udtunasjaya@gmail.com','Jl. Industri Koperasi No. 98, Sukadalem','089900000098','2026-05-17 02:05:24'),(99,'PJ CV Surya Pangan','CV Surya Pangan','cvsuryapangan@gmail.com','Jl. Industri Koperasi No. 99, Sukadalem','089900000099','2026-05-17 02:05:24'),(100,'PJ PT Global Mandiri','PT Global Mandiri','ptglobalmandiri@gmail.com','Jl. Industri Koperasi No. 100, Sukadalem','089900000100','2026-05-17 02:05:24');
/*!40000 ALTER TABLE `supplier` ENABLE KEYS */;
UNLOCK TABLES;

--
-- Table structure for table `transaksi`
--

DROP TABLE IF EXISTS `transaksi`;
/*!40101 SET @saved_cs_client     = @@character_set_client */;
/*!50503 SET character_set_client = utf8mb4 */;
CREATE TABLE `transaksi` (
  `id` int NOT NULL AUTO_INCREMENT,
  `kode_transaksi` varchar(50) DEFAULT NULL,
  `tanggal_transaksi` datetime DEFAULT CURRENT_TIMESTAMP,
  `nama_pembeli` varchar(100) DEFAULT NULL,
  `total_harga` decimal(15,2) NOT NULL DEFAULT '0.00',
  `metode_pembayaran` enum('Cash','Transfer','Qris') DEFAULT 'Cash',
  `nominal_bayar` decimal(15,2) DEFAULT '0.00',
  `kembalian` decimal(15,2) DEFAULT '0.00',
  `user_id` int NOT NULL,
  `catatan` text,
  `status` enum('selesai','dibatalkan') DEFAULT 'selesai',
  `created_at` timestamp NULL DEFAULT CURRENT_TIMESTAMP,
  `updated_at` timestamp NULL DEFAULT CURRENT_TIMESTAMP ON UPDATE CURRENT_TIMESTAMP,
  PRIMARY KEY (`id`),
  UNIQUE KEY `kode_transaksi` (`kode_transaksi`),
  KEY `idx_kode_transaksi` (`kode_transaksi`),
  KEY `idx_tanggal_transaksi` (`tanggal_transaksi`),
  KEY `idx_user_id` (`user_id`),
  CONSTRAINT `transaksi_ibfk_1` FOREIGN KEY (`user_id`) REFERENCES `users` (`id`)
) ENGINE=InnoDB AUTO_INCREMENT=211 DEFAULT CHARSET=utf8mb4 COLLATE=utf8mb4_0900_ai_ci;
/*!40101 SET character_set_client = @saved_cs_client */;

--
-- Dumping data for table `transaksi`
--

LOCK TABLES `transaksi` WRITE;
/*!40000 ALTER TABLE `transaksi` DISABLE KEYS */;
INSERT INTO `transaksi` VALUES (1,'TRX-20260501-XAI41','2026-05-01 08:10:00','Andi Saputra',23500.00,'Cash',50000.00,26500.00,18,NULL,'selesai','2026-05-17 02:35:23','2026-05-17 02:35:23'),(2,'TRX-20260502-PFGKD','2026-05-02 09:11:00','Budi Santoso',30000.00,'Transfer',30000.00,0.00,18,NULL,'selesai','2026-05-17 02:35:23','2026-05-17 02:35:23'),(3,'TRX-20260503-LXU9V','2026-05-03 10:12:00','Citra Lestari',26500.00,'Qris',26500.00,0.00,18,NULL,'selesai','2026-05-17 02:35:24','2026-05-17 02:35:24'),(4,'TRX-20260504-HIBQT','2026-05-04 11:13:00','Dedi Kurniawan',3000.00,'Cash',10000.00,7000.00,18,NULL,'selesai','2026-05-17 02:35:24','2026-05-17 02:35:24'),(5,'TRX-20260505-0H1W3','2026-05-05 12:14:00','Eka Pratama',35000.00,'Transfer',35000.00,0.00,18,NULL,'selesai','2026-05-17 02:35:24','2026-05-17 02:35:24'),(6,'TRX-20260506-1I5T2','2026-05-06 13:15:00','Fitri Handayani',186000.00,'Qris',186000.00,0.00,18,NULL,'selesai','2026-05-17 02:35:24','2026-05-17 02:35:24'),(7,'TRX-20260507-KKS9C','2026-05-07 14:16:00','Gita Permatasari',20500.00,'Cash',30000.00,9500.00,18,NULL,'selesai','2026-05-17 02:35:25','2026-05-17 02:35:25'),(8,'TRX-20260508-8O63F','2026-05-08 15:17:00','Hendra Wijaya',32000.00,'Transfer',32000.00,0.00,18,NULL,'selesai','2026-05-17 02:35:25','2026-05-17 02:35:25'),(9,'TRX-20260509-HCJA9','2026-05-09 16:18:00','Indah Puspita',84000.00,'Qris',84000.00,0.00,18,NULL,'selesai','2026-05-17 02:35:25','2026-05-17 02:35:25'),(10,'TRX-20260510-9DHF4','2026-05-10 17:19:00','Joko Susilo',5500.00,'Cash',10000.00,4500.00,18,NULL,'selesai','2026-05-17 02:35:25','2026-05-17 02:35:25'),(11,'TRX-20260511-J7DRY','2026-05-11 08:20:00','Kartika Sari',11000.00,'Transfer',11000.00,0.00,18,NULL,'selesai','2026-05-17 02:35:26','2026-05-17 02:35:26'),(12,'TRX-20260512-WN4H5','2026-05-12 09:21:00','Luki Firmansyah',9000.00,'Qris',9000.00,0.00,18,NULL,'selesai','2026-05-17 02:35:26','2026-05-17 02:35:26'),(13,'TRX-20260513-IJ63S','2026-05-13 10:22:00','Maya Anggraini',8500.00,'Cash',50000.00,41500.00,18,NULL,'selesai','2026-05-17 02:35:26','2026-05-17 02:35:26'),(14,'TRX-20260514-ZHBAE','2026-05-14 11:23:00','Nanda Putra',15000.00,'Transfer',15000.00,0.00,18,NULL,'selesai','2026-05-17 02:35:26','2026-05-17 02:35:26'),(15,'TRX-20260515-NQYWP','2026-05-15 12:24:00','Oki Ramadhan',58000.00,'Qris',58000.00,0.00,18,NULL,'selesai','2026-05-17 02:35:27','2026-05-17 02:35:27'),(16,'TRX-20260516-7KV8X','2026-05-16 13:25:00','Putri Maharani',15000.00,'Cash',100000.00,85000.00,18,NULL,'selesai','2026-05-17 02:35:27','2026-05-17 02:35:27'),(17,'TRX-20260517-J1TBA','2026-05-17 14:26:00','Rian Hidayat',77000.00,'Transfer',77000.00,0.00,18,NULL,'selesai','2026-05-17 02:35:27','2026-05-17 02:35:27'),(18,'TRX-20260501-M1LOV','2026-05-01 15:27:00','Sinta Nurhaliza',81000.00,'Qris',81000.00,0.00,18,NULL,'selesai','2026-05-17 02:35:27','2026-05-17 02:35:27'),(19,'TRX-20260502-MA21A','2026-05-02 16:28:00','Taufik Akbar',20000.00,'Cash',20000.00,0.00,18,NULL,'selesai','2026-05-17 02:35:27','2026-05-17 02:35:27'),(20,'TRX-20260503-GPEG6','2026-05-03 17:29:00','Umi Kalsum',54000.00,'Transfer',54000.00,0.00,18,NULL,'selesai','2026-05-17 02:35:28','2026-05-17 02:35:28'),(21,'TRX-20260504-8982M','2026-05-04 08:30:00','Vina Amalia',84500.00,'Qris',84500.00,0.00,18,NULL,'selesai','2026-05-17 02:35:28','2026-05-17 02:35:28'),(22,'TRX-20260505-3EAHT','2026-05-05 09:31:00','Wahyu Nugroho',3000.00,'Cash',10000.00,7000.00,18,NULL,'selesai','2026-05-17 02:35:28','2026-05-17 02:35:28'),(23,'TRX-20260506-7IPEB','2026-05-06 10:32:00','Yuni Astuti',39500.00,'Transfer',39500.00,0.00,18,NULL,'selesai','2026-05-17 02:35:28','2026-05-17 02:35:28'),(24,'TRX-20260507-LB7H7','2026-05-07 11:33:00','Zaki Maulana',48000.00,'Qris',48000.00,0.00,18,NULL,'selesai','2026-05-17 02:35:29','2026-05-17 02:35:29'),(25,'TRX-20260508-T4CXW','2026-05-08 12:34:00','Aditya Prakoso',31000.00,'Cash',50000.00,19000.00,18,NULL,'selesai','2026-05-17 02:35:29','2026-05-17 02:35:29'),(26,'TRX-20260509-7X13P','2026-05-09 13:35:00','Bella Safitri',20000.00,'Transfer',20000.00,0.00,18,NULL,'selesai','2026-05-17 02:35:29','2026-05-17 02:35:29'),(27,'TRX-20260510-O4K0V','2026-05-10 14:36:00','Chandra Irawan',84000.00,'Qris',84000.00,0.00,18,NULL,'selesai','2026-05-17 02:35:29','2026-05-17 02:35:29'),(28,'TRX-20260511-U6XQG','2026-05-11 15:37:00','Dewi Sartika',10000.00,'Cash',10000.00,0.00,18,NULL,'selesai','2026-05-17 02:35:30','2026-05-17 02:35:30'),(29,'TRX-20260512-NT24C','2026-05-12 16:38:00','Eko Purnomo',30000.00,'Transfer',30000.00,0.00,18,NULL,'selesai','2026-05-17 02:35:30','2026-05-17 02:35:30'),(30,'TRX-20260513-ALJV5','2026-05-13 17:39:00','Fajar Nugraha',30000.00,'Qris',30000.00,0.00,18,NULL,'selesai','2026-05-17 02:35:30','2026-05-17 02:35:30'),(31,'TRX-20260514-1CFZE','2026-05-14 08:40:00','Gina Marlina',31000.00,'Cash',100000.00,69000.00,18,NULL,'selesai','2026-05-17 02:35:30','2026-05-17 02:35:30'),(32,'TRX-20260515-RDKKQ','2026-05-15 09:41:00','Hari Setiawan',124000.00,'Transfer',124000.00,0.00,18,NULL,'selesai','2026-05-17 02:35:31','2026-05-17 02:35:31'),(33,'TRX-20260516-LEBPO','2026-05-16 10:42:00','Intan Permata',17500.00,'Qris',17500.00,0.00,18,NULL,'selesai','2026-05-17 02:35:31','2026-05-17 02:35:31'),(34,'TRX-20260517-KLWZ1','2026-05-17 11:43:00','Johan Ardiansyah',15000.00,'Cash',20000.00,5000.00,18,NULL,'selesai','2026-05-17 02:35:31','2026-05-17 02:35:31'),(35,'TRX-20260501-FQ9M7','2026-05-01 12:44:00','Kiki Amelia',25500.00,'Transfer',25500.00,0.00,18,NULL,'selesai','2026-05-17 02:35:31','2026-05-17 02:35:31'),(36,'TRX-20260502-OW9MC','2026-05-02 13:45:00','Lestari Wulandari',9000.00,'Qris',9000.00,0.00,18,NULL,'selesai','2026-05-17 02:35:32','2026-05-17 02:35:32'),(37,'TRX-20260503-SRXI2','2026-05-03 14:46:00','Maman Suherman',25000.00,'Cash',50000.00,25000.00,18,NULL,'selesai','2026-05-17 02:35:32','2026-05-17 02:35:32'),(38,'TRX-20260504-CCKLV','2026-05-04 15:47:00','Nia Ramadhani',15000.00,'Transfer',15000.00,0.00,18,NULL,'selesai','2026-05-17 02:35:32','2026-05-17 02:35:32'),(39,'TRX-20260505-SIXGY','2026-05-05 16:48:00','Oscar Maulana',25000.00,'Qris',25000.00,0.00,18,NULL,'selesai','2026-05-17 02:35:32','2026-05-17 02:35:32'),(40,'TRX-20260506-RCFC1','2026-05-06 17:49:00','Pipit Lestari',16000.00,'Cash',20000.00,4000.00,18,NULL,'selesai','2026-05-17 02:35:33','2026-05-17 02:35:33'),(41,'TRX-20260507-5LL0H','2026-05-07 08:50:00','Qori Maulida',68000.00,'Transfer',68000.00,0.00,18,NULL,'selesai','2026-05-17 02:35:33','2026-05-17 02:35:33'),(42,'TRX-20260508-C3PFF','2026-05-08 09:51:00','Rudi Hartono',45000.00,'Qris',45000.00,0.00,18,NULL,'selesai','2026-05-17 02:35:33','2026-05-17 02:35:33'),(43,'TRX-20260509-NZTQU','2026-05-09 10:52:00','Sari Wulandari',67500.00,'Cash',70000.00,2500.00,18,NULL,'selesai','2026-05-17 02:35:33','2026-05-17 02:35:33'),(44,'TRX-20260510-BBKPP','2026-05-10 11:53:00','Teguh Prasetyo',11000.00,'Transfer',11000.00,0.00,18,NULL,'selesai','2026-05-17 02:35:34','2026-05-17 02:35:34'),(45,'TRX-20260511-2AKGH','2026-05-11 12:54:00','Ulfa Nuraini',55500.00,'Qris',55500.00,0.00,18,NULL,'selesai','2026-05-17 02:35:34','2026-05-17 02:35:34'),(46,'TRX-20260512-S68I1','2026-05-12 13:10:00','Vicky Firmansyah',3000.00,'Cash',100000.00,97000.00,18,NULL,'selesai','2026-05-17 02:35:34','2026-05-17 02:35:34'),(47,'TRX-20260513-IPWUY','2026-05-13 14:11:00','Winda Oktaviani',27000.00,'Transfer',27000.00,0.00,18,NULL,'selesai','2026-05-17 02:35:34','2026-05-17 02:35:34'),(48,'TRX-20260514-H7PUW','2026-05-14 15:12:00','Yanto Saputra',12000.00,'Qris',12000.00,0.00,18,NULL,'selesai','2026-05-17 02:35:35','2026-05-17 02:35:35'),(49,'TRX-20260515-9NYHY','2026-05-15 16:13:00','Zahra Aulia',19500.00,'Cash',50000.00,30500.00,18,NULL,'selesai','2026-05-17 02:35:35','2026-05-17 02:35:35'),(50,'TRX-20260516-R3L7N','2026-05-16 17:14:00','Ahmad Fauzi',6000.00,'Transfer',6000.00,0.00,18,NULL,'selesai','2026-05-17 02:35:35','2026-05-17 02:35:35'),(51,'TRX-20260517-FBLEV','2026-05-17 08:15:00','Bunga Cahyani',196000.00,'Qris',196000.00,0.00,18,NULL,'selesai','2026-05-17 02:35:35','2026-05-17 02:35:35'),(52,'TRX-20260501-VHSO6','2026-05-01 09:16:00','Candra Gunawan',10000.00,'Cash',10000.00,0.00,18,NULL,'selesai','2026-05-17 02:35:35','2026-05-17 02:35:35'),(53,'TRX-20260502-B1I3U','2026-05-02 10:17:00','Dian Pertiwi',134000.00,'Transfer',134000.00,0.00,18,NULL,'selesai','2026-05-17 02:35:36','2026-05-17 02:35:36'),(54,'TRX-20260503-CKPB3','2026-05-03 11:18:00','Evi Susanti',186000.00,'Qris',186000.00,0.00,18,NULL,'selesai','2026-05-17 02:35:36','2026-05-17 02:35:36'),(55,'TRX-20260504-INO2P','2026-05-04 12:19:00','Farhan Hakim',20500.00,'Cash',30000.00,9500.00,18,NULL,'selesai','2026-05-17 02:35:36','2026-05-17 02:35:36'),(56,'TRX-20260505-A5HP5','2026-05-05 13:20:00','Guntur Prabowo',32000.00,'Transfer',32000.00,0.00,18,NULL,'selesai','2026-05-17 02:35:36','2026-05-17 02:35:36'),(57,'TRX-20260506-AED44','2026-05-06 14:21:00','Hana Maharani',51500.00,'Qris',51500.00,0.00,18,NULL,'selesai','2026-05-17 02:35:37','2026-05-17 02:35:37'),(58,'TRX-20260507-42LEW','2026-05-07 15:22:00','Irfan Maulana',3500.00,'Cash',10000.00,6500.00,18,NULL,'selesai','2026-05-17 02:35:37','2026-05-17 02:35:37'),(59,'TRX-20260508-56IZQ','2026-05-08 16:23:00','Jelita Anggraini',36000.00,'Transfer',36000.00,0.00,18,NULL,'selesai','2026-05-17 02:35:37','2026-05-17 02:35:37'),(60,'TRX-20260509-QK8NV','2026-05-09 17:24:00','Kurniawan Saputra',22500.00,'Qris',22500.00,0.00,18,NULL,'selesai','2026-05-17 02:35:37','2026-05-17 02:35:37'),(61,'TRX-20260510-HAO6C','2026-05-10 08:25:00','Lina Marlina',42000.00,'Cash',50000.00,8000.00,18,NULL,'selesai','2026-05-17 02:35:38','2026-05-17 02:35:38'),(62,'TRX-20260511-AR6RO','2026-05-11 09:26:00','Miko Pratama',8000.00,'Transfer',8000.00,0.00,18,NULL,'selesai','2026-05-17 02:35:38','2026-05-17 02:35:38'),(63,'TRX-20260512-02F7S','2026-05-12 10:27:00','Nur Aisyah',14500.00,'Qris',14500.00,0.00,18,NULL,'selesai','2026-05-17 02:35:38','2026-05-17 02:35:38'),(64,'TRX-20260513-HY605','2026-05-13 11:28:00','Oka Setiawan',3000.00,'Cash',10000.00,7000.00,18,NULL,'selesai','2026-05-17 02:35:38','2026-05-17 02:35:38'),(65,'TRX-20260514-KZEW9','2026-05-14 12:29:00','Putra Wijaya',69000.00,'Transfer',69000.00,0.00,18,NULL,'selesai','2026-05-17 02:35:38','2026-05-17 02:35:38'),(66,'TRX-20260515-THVGD','2026-05-15 13:30:00','Rina Febriani',30000.00,'Qris',30000.00,0.00,18,NULL,'selesai','2026-05-17 02:35:39','2026-05-17 02:35:39'),(67,'TRX-20260516-84MM1','2026-05-16 14:31:00','Sandi Nugroho',30000.00,'Cash',30000.00,0.00,18,NULL,'selesai','2026-05-17 02:35:39','2026-05-17 02:35:39'),(68,'TRX-20260517-ZBMXE','2026-05-17 15:32:00','Tiara Lestari',54000.00,'Transfer',54000.00,0.00,18,NULL,'selesai','2026-05-17 02:35:39','2026-05-17 02:35:39'),(69,'TRX-20260501-NGCE2','2026-05-01 16:33:00','Usman Hidayat',143000.00,'Qris',143000.00,0.00,18,NULL,'selesai','2026-05-17 02:35:40','2026-05-17 02:35:40'),(70,'TRX-20260502-FGWMV','2026-05-02 17:34:00','Vivi Andriani',5500.00,'Cash',10000.00,4500.00,18,NULL,'selesai','2026-05-17 02:35:40','2026-05-17 02:35:40'),(71,'TRX-20260503-PIT5Y','2026-05-03 08:35:00','Wawan Kurniawan',70000.00,'Transfer',70000.00,0.00,18,NULL,'selesai','2026-05-17 02:35:40','2026-05-17 02:35:40'),(72,'TRX-20260504-F5J0J','2026-05-04 09:36:00','Yeni Rahmawati',16500.00,'Qris',16500.00,0.00,18,NULL,'selesai','2026-05-17 02:35:40','2026-05-17 02:35:40'),(73,'TRX-20260505-7XWSW','2026-05-05 10:37:00','Zulfikar Ali',20500.00,'Cash',50000.00,29500.00,18,NULL,'selesai','2026-05-17 02:35:41','2026-05-17 02:35:41'),(74,'TRX-20260506-F70PU','2026-05-06 11:38:00','Aldi Saputra',30000.00,'Transfer',30000.00,0.00,18,NULL,'selesai','2026-05-17 02:35:41','2026-05-17 02:35:41'),(75,'TRX-20260507-JBXRG','2026-05-07 12:39:00','Bilqis Azzahra',189000.00,'Qris',189000.00,0.00,18,NULL,'selesai','2026-05-17 02:35:41','2026-05-17 02:35:41'),(76,'TRX-20260508-QLWWO','2026-05-08 13:40:00','Cici Paramita',16000.00,'Cash',100000.00,84000.00,18,NULL,'selesai','2026-05-17 02:35:41','2026-05-17 02:35:41'),(77,'TRX-20260509-D32IN','2026-05-09 14:41:00','Dimas Ramadhan',37500.00,'Transfer',37500.00,0.00,18,NULL,'selesai','2026-05-17 02:35:42','2026-05-17 02:35:42'),(78,'TRX-20260510-IIWWI','2026-05-10 15:42:00','Elsa Oktaviani',186000.00,'Qris',186000.00,0.00,18,NULL,'selesai','2026-05-17 02:35:42','2026-05-17 02:35:42'),(79,'TRX-20260511-EFVPO','2026-05-11 16:43:00','Fikri Ananda',18000.00,'Cash',20000.00,2000.00,18,NULL,'selesai','2026-05-17 02:35:42','2026-05-17 02:35:42'),(80,'TRX-20260512-QZN1C','2026-05-12 17:44:00','Galih Pratama',124000.00,'Transfer',124000.00,0.00,18,NULL,'selesai','2026-05-17 02:35:42','2026-05-17 02:35:42'),(81,'TRX-20260513-LLPI1','2026-05-13 08:45:00','Hani Fitriani',108000.00,'Qris',108000.00,0.00,18,NULL,'selesai','2026-05-17 02:35:43','2026-05-17 02:35:43'),(82,'TRX-20260514-QW34L','2026-05-14 09:46:00','Ilham Fauzan',7500.00,'Cash',10000.00,2500.00,18,NULL,'selesai','2026-05-17 02:35:43','2026-05-17 02:35:43'),(83,'TRX-20260515-L4LTJ','2026-05-15 10:47:00','Jihan Safira',47000.00,'Transfer',47000.00,0.00,18,NULL,'selesai','2026-05-17 02:35:43','2026-05-17 02:35:43'),(84,'TRX-20260516-4HRS3','2026-05-16 11:48:00','Kevin Maulana',48000.00,'Qris',48000.00,0.00,18,NULL,'selesai','2026-05-17 02:35:43','2026-05-17 02:35:43'),(85,'TRX-20260517-DOAUE','2026-05-17 12:49:00','Laila Nuraini',19000.00,'Cash',50000.00,31000.00,18,NULL,'selesai','2026-05-17 02:35:44','2026-05-17 02:35:44'),(86,'TRX-20260501-C3GYZ','2026-05-01 13:50:00','Malik Ibrahim',7000.00,'Transfer',7000.00,0.00,18,NULL,'selesai','2026-05-17 02:35:44','2026-05-17 02:35:44'),(87,'TRX-20260502-HAGN4','2026-05-02 14:51:00','Nadia Putri',97000.00,'Qris',97000.00,0.00,18,NULL,'selesai','2026-05-17 02:35:44','2026-05-17 02:35:44'),(88,'TRX-20260503-513M4','2026-05-03 15:52:00','Opik Hidayat',10000.00,'Cash',10000.00,0.00,18,NULL,'selesai','2026-05-17 02:35:44','2026-05-17 02:35:44'),(89,'TRX-20260504-2XCZO','2026-05-04 16:53:00','Prita Maharani',25000.00,'Transfer',25000.00,0.00,18,NULL,'selesai','2026-05-17 02:35:45','2026-05-17 02:35:45'),(90,'TRX-20260505-2XIV9','2026-05-05 17:54:00','Raka Firmansyah',30000.00,'Qris',30000.00,0.00,18,NULL,'selesai','2026-05-17 02:35:45','2026-05-17 02:35:45'),(91,'TRX-20260506-Z9NJH','2026-05-06 08:10:00','Selvi Amalia',37000.00,'Cash',100000.00,63000.00,18,NULL,'selesai','2026-05-17 02:35:45','2026-05-17 02:35:45'),(92,'TRX-20260507-JGG0J','2026-05-07 09:11:00','Tio Nugraha',11000.00,'Transfer',11000.00,0.00,18,NULL,'selesai','2026-05-17 02:35:45','2026-05-17 02:35:45'),(93,'TRX-20260508-JU380','2026-05-08 10:12:00','Ujang Suryana',40000.00,'Qris',40000.00,0.00,18,NULL,'selesai','2026-05-17 02:35:46','2026-05-17 02:35:46'),(94,'TRX-20260509-19C2V','2026-05-09 11:13:00','Viona Lestari',3500.00,'Cash',10000.00,6500.00,18,NULL,'selesai','2026-05-17 02:35:46','2026-05-17 02:35:46'),(95,'TRX-20260510-1BCDP','2026-05-10 12:14:00','Wulan Sari',70000.00,'Transfer',70000.00,0.00,18,NULL,'selesai','2026-05-17 02:35:46','2026-05-17 02:35:46'),(96,'TRX-20260511-JCXLU','2026-05-11 13:15:00','Yoga Pratama',48000.00,'Qris',48000.00,0.00,18,NULL,'selesai','2026-05-17 02:35:46','2026-05-17 02:35:46'),(97,'TRX-20260512-VBCNJ','2026-05-12 14:16:00','Zahid Ramadhan',31000.00,'Cash',50000.00,19000.00,18,NULL,'selesai','2026-05-17 02:35:46','2026-05-17 02:35:46'),(98,'TRX-20260513-QJX52','2026-05-13 15:17:00','Anita Dewi',30000.00,'Transfer',30000.00,0.00,18,NULL,'selesai','2026-05-17 02:35:47','2026-05-17 02:35:47'),(99,'TRX-20260514-S2KRP','2026-05-14 16:18:00','Bayu Saputra',51000.00,'Qris',51000.00,0.00,18,NULL,'selesai','2026-05-17 02:35:47','2026-05-17 02:35:47'),(100,'TRX-20260515-WC6OU','2026-05-15 17:19:00','Clara Anggraini',5500.00,'Cash',10000.00,4500.00,18,NULL,'selesai','2026-05-17 02:35:47','2026-05-17 02:35:47'),(101,'TRX-20260520-KQH0U','2026-05-20 20:09:40',NULL,7500.00,'Cash',144141.00,136641.00,18,NULL,'selesai','2026-05-20 13:09:40','2026-05-20 13:09:40'),(102,'TRX-20260520-VN478','2026-05-20 20:13:11',NULL,16000.00,'Cash',17000.00,1000.00,18,NULL,'selesai','2026-05-20 13:13:11','2026-05-20 13:13:11'),(103,'TRX-20260520-P0OXZ','2026-05-20 20:14:21',NULL,16000.00,'Cash',155155.00,139155.00,18,NULL,'selesai','2026-05-20 13:14:21','2026-05-20 13:14:21'),(104,'TRX-20260604-BI4WA','2026-06-04 13:19:31',NULL,16000.00,'Cash',17000.00,1000.00,178,NULL,'selesai','2026-06-04 06:19:31','2026-06-04 06:19:31'),(105,'TRX-20260604-T7DD7','2026-06-04 13:24:24',NULL,16000.00,'Cash',16000.00,0.00,178,NULL,'selesai','2026-06-04 06:24:24','2026-06-04 06:24:24'),(106,'TRX-20260604-Q94G8','2026-06-04 13:28:04',NULL,16000.00,'Cash',16000.00,0.00,178,NULL,'selesai','2026-06-04 06:28:04','2026-06-04 06:28:04'),(107,'TRX-20260604-IZSC2','2026-06-04 13:28:14',NULL,16000.00,'Cash',16000.00,0.00,178,NULL,'selesai','2026-06-04 06:28:14','2026-06-04 06:28:14'),(108,'TRX-20260607-P9CEU','2026-06-07 16:53:29',NULL,16000.00,'Cash',16000.00,0.00,18,NULL,'selesai','2026-06-07 09:53:29','2026-06-07 09:53:29'),(109,'TRX-20260607-FBTGE','2026-06-07 16:53:45',NULL,16000.00,'Cash',16000.00,0.00,18,NULL,'selesai','2026-06-07 09:53:45','2026-06-07 09:53:45'),(110,'TRX-20260607-6B3ZF','2026-06-07 16:55:02',NULL,16000.00,'Cash',16000.00,0.00,178,NULL,'selesai','2026-06-07 09:55:02','2026-06-07 09:55:02'),(111,'TRX-20260610-ZT0BE','2026-06-10 18:14:00','Rian Hidayat',106000.00,'Cash',150000.00,44000.00,75,NULL,'selesai','2026-07-08 13:33:13','2026-07-08 13:33:13'),(112,'TRX-20260618-H0IUE','2026-06-18 15:42:00','Wulan Dari',90000.00,'Cash',100000.00,10000.00,75,NULL,'selesai','2026-07-08 13:33:13','2026-07-08 13:33:13'),(113,'TRX-20260623-VL6V9','2026-06-23 15:16:00','Gita Gutawa',9000.00,'Transfer',9000.00,0.00,72,NULL,'selesai','2026-07-08 13:33:13','2026-07-08 13:33:13'),(114,'TRX-20260705-HNSYG','2026-07-05 11:21:00','Budi Santoso',20000.00,'Transfer',20000.00,0.00,74,NULL,'selesai','2026-07-08 13:33:13','2026-07-08 13:33:13'),(115,'TRX-20260615-LBSMD','2026-06-15 14:17:00','Dedi Setiawan',141000.00,'Qris',141000.00,0.00,75,NULL,'selesai','2026-07-08 13:33:13','2026-07-08 13:33:13'),(116,'TRX-20260614-IUAQY','2026-06-14 18:02:00','Indah Permata',89000.00,'Transfer',89000.00,0.00,71,NULL,'selesai','2026-07-08 13:33:13','2026-07-08 13:33:13'),(117,'TRX-20260615-QXGDX','2026-06-15 15:20:00',NULL,60000.00,'Transfer',60000.00,0.00,73,NULL,'selesai','2026-07-08 13:33:13','2026-07-08 13:33:13'),(118,'TRX-20260704-AJ19I','2026-07-04 19:46:00','Siti Aminah',26000.00,'Cash',50000.00,24000.00,72,NULL,'selesai','2026-07-08 13:33:13','2026-07-08 13:33:13'),(119,'TRX-20260617-E9300','2026-06-17 09:23:00','Yusuf Mansur',9000.00,'Qris',9000.00,0.00,73,NULL,'selesai','2026-07-08 13:33:13','2026-07-08 13:33:13'),(120,'TRX-20260618-CFYE8','2026-06-18 08:23:00','Fitri Handayani',47500.00,'Qris',47500.00,0.00,78,NULL,'selesai','2026-07-08 13:33:13','2026-07-08 13:33:13'),(121,'TRX-20260611-0OOI9','2026-06-11 17:43:00',NULL,15000.00,'Transfer',15000.00,0.00,77,NULL,'selesai','2026-07-08 13:33:13','2026-07-08 13:33:13'),(122,'TRX-20260613-0Q46Z','2026-06-13 17:45:00','Dewi Lestari',10000.00,'Transfer',10000.00,0.00,18,NULL,'selesai','2026-07-08 13:33:13','2026-07-08 13:33:13'),(123,'TRX-20260609-WVZ14','2026-06-09 13:52:00','Eko Prasetyo',3000.00,'Transfer',3000.00,0.00,79,NULL,'selesai','2026-07-08 13:33:13','2026-07-08 13:33:13'),(124,'TRX-20260623-ZTGCG','2026-06-23 11:31:00',NULL,33000.00,'Qris',33000.00,0.00,71,NULL,'selesai','2026-07-08 13:33:13','2026-07-08 13:33:13'),(125,'TRX-20260620-M3H9G','2026-06-20 11:43:00','Hendra Kusuma',38000.00,'Qris',38000.00,0.00,71,NULL,'selesai','2026-07-08 13:33:13','2026-07-08 13:33:13'),(126,'TRX-20260613-T9Y0V','2026-06-13 10:22:00',NULL,114000.00,'Cash',150000.00,36000.00,74,NULL,'selesai','2026-07-08 13:33:13','2026-07-08 13:33:13'),(127,'TRX-20260621-0OO94','2026-06-21 11:26:00','Taufik Hidayat',86500.00,'Qris',86500.00,0.00,77,NULL,'selesai','2026-07-08 13:33:13','2026-07-08 13:33:13'),(128,'TRX-20260616-2YF88','2026-06-16 11:01:00',NULL,59000.00,'Cash',100000.00,41000.00,18,NULL,'selesai','2026-07-08 13:33:13','2026-07-08 13:33:13'),(129,'TRX-20260610-M84XH','2026-06-10 09:13:00','Dedi Setiawan',50000.00,'Qris',50000.00,0.00,18,NULL,'selesai','2026-07-08 13:33:13','2026-07-08 13:33:13'),(130,'TRX-20260615-3MM41','2026-06-15 19:25:00','Rani Wijaya',52000.00,'Cash',100000.00,48000.00,73,NULL,'selesai','2026-07-08 13:33:13','2026-07-08 13:33:13'),(131,'TRX-20260708-HUI66','2026-07-08 15:46:00','Taufik Hidayat',24500.00,'Cash',50000.00,25500.00,76,NULL,'selesai','2026-07-08 13:33:13','2026-07-08 13:33:13'),(132,'TRX-20260623-5CNIE','2026-06-23 09:59:00','Taufik Hidayat',73000.00,'Qris',73000.00,0.00,79,NULL,'selesai','2026-07-08 13:33:13','2026-07-08 13:33:13'),(133,'TRX-20260629-0PCNJ','2026-06-29 11:09:00','Indah Permata',4000.00,'Qris',4000.00,0.00,18,NULL,'selesai','2026-07-08 13:33:13','2026-07-08 13:33:13'),(134,'TRX-20260617-I0QCY','2026-06-17 10:50:00','Indah Permata',103000.00,'Cash',150000.00,47000.00,77,NULL,'selesai','2026-07-08 13:33:13','2026-07-08 13:33:13'),(135,'TRX-20260616-8XD8N','2026-06-16 10:22:00','Indah Permata',62000.00,'Qris',62000.00,0.00,78,NULL,'selesai','2026-07-08 13:33:13','2026-07-08 13:33:13'),(136,'TRX-20260627-F8RYM','2026-06-27 13:15:00',NULL,74000.00,'Cash',100000.00,26000.00,18,NULL,'selesai','2026-07-08 13:33:13','2026-07-08 13:33:13'),(137,'TRX-20260629-SASRP','2026-06-29 10:28:00',NULL,45000.00,'Transfer',45000.00,0.00,72,NULL,'selesai','2026-07-08 13:33:13','2026-07-08 13:33:13'),(138,'TRX-20260619-QWL67','2026-06-19 17:31:00','Rian Hidayat',9500.00,'Transfer',9500.00,0.00,78,NULL,'selesai','2026-07-08 13:33:13','2026-07-08 13:33:13'),(139,'TRX-20260704-QDPA4','2026-07-04 19:51:00','Hendra Kusuma',45000.00,'Cash',50000.00,5000.00,77,NULL,'selesai','2026-07-08 13:33:13','2026-07-08 13:33:13'),(140,'TRX-20260701-8EEZY','2026-07-01 08:18:00',NULL,99000.00,'Cash',100000.00,1000.00,76,NULL,'selesai','2026-07-08 13:33:13','2026-07-08 13:33:13'),(141,'TRX-20260615-NYWHP','2026-06-15 18:37:00','Rani Wijaya',27000.00,'Qris',27000.00,0.00,74,NULL,'selesai','2026-07-08 13:33:13','2026-07-08 13:33:13'),(142,'TRX-20260609-0CT0Y','2026-06-09 18:39:00','Rina Rosiana',6000.00,'Cash',10000.00,4000.00,74,NULL,'selesai','2026-07-08 13:33:13','2026-07-08 13:33:13'),(143,'TRX-20260627-ZKHFH','2026-06-27 11:27:00','Aditya Nugraha',4000.00,'Cash',10000.00,6000.00,77,NULL,'selesai','2026-07-08 13:33:13','2026-07-08 13:33:13'),(144,'TRX-20260626-L2U9E','2026-06-26 09:22:00','Yusuf Mansur',26000.00,'Cash',50000.00,24000.00,75,NULL,'selesai','2026-07-08 13:33:13','2026-07-08 13:33:13'),(145,'TRX-20260617-LX165','2026-06-17 08:34:00','Indah Permata',57000.00,'Qris',57000.00,0.00,71,NULL,'selesai','2026-07-08 13:33:13','2026-07-08 13:33:13'),(146,'TRX-20260707-YWYQ7','2026-07-07 09:44:00',NULL,79500.00,'Cash',100000.00,20500.00,75,NULL,'selesai','2026-07-08 13:33:13','2026-07-08 13:33:13'),(147,'TRX-20260703-L162R','2026-07-03 11:08:00','Indah Permata',32000.00,'Transfer',32000.00,0.00,73,NULL,'selesai','2026-07-08 13:33:13','2026-07-08 13:33:13'),(148,'TRX-20260617-DF334','2026-06-17 19:27:00','Indah Permata',42000.00,'Qris',42000.00,0.00,73,NULL,'selesai','2026-07-08 13:33:13','2026-07-08 13:33:13'),(149,'TRX-20260620-QH6WW','2026-06-20 17:30:00','Hendra Kusuma',37500.00,'Qris',37500.00,0.00,76,NULL,'selesai','2026-07-08 13:33:13','2026-07-08 13:33:13'),(150,'TRX-20260612-YANT1','2026-06-12 10:18:00','Indah Permata',75000.00,'Cash',100000.00,25000.00,73,NULL,'selesai','2026-07-08 13:33:13','2026-07-08 13:33:13'),(151,'TRX-20260628-KLXN6','2026-06-28 09:51:00','Siti Aminah',98000.00,'Transfer',98000.00,0.00,76,NULL,'selesai','2026-07-08 13:33:13','2026-07-08 13:33:13'),(152,'TRX-20260614-481YL','2026-06-14 16:14:00','Indah Permata',30000.00,'Cash',50000.00,20000.00,77,NULL,'selesai','2026-07-08 13:33:13','2026-07-08 13:33:13'),(153,'TRX-20260623-E5IYL','2026-06-23 11:19:00','Rian Hidayat',35000.00,'Transfer',35000.00,0.00,71,NULL,'selesai','2026-07-08 13:33:13','2026-07-08 13:33:13'),(154,'TRX-20260623-DRFYJ','2026-06-23 16:24:00','Aditya Nugraha',10000.00,'Transfer',10000.00,0.00,18,NULL,'selesai','2026-07-08 13:33:13','2026-07-08 13:33:13'),(155,'TRX-20260615-QXM19','2026-06-15 08:23:00','Rian Hidayat',30000.00,'Qris',30000.00,0.00,79,NULL,'selesai','2026-07-08 13:33:13','2026-07-08 13:33:13'),(156,'TRX-20260705-KW586','2026-07-05 12:29:00','Aditya Nugraha',145000.00,'Qris',145000.00,0.00,79,NULL,'selesai','2026-07-08 13:33:13','2026-07-08 13:33:13'),(157,'TRX-20260623-CE826','2026-06-23 08:55:00','Aditya Nugraha',16500.00,'Cash',20000.00,3500.00,74,NULL,'selesai','2026-07-08 13:33:13','2026-07-08 13:33:13'),(158,'TRX-20260702-R4EDT','2026-07-02 10:02:00','Ahmad Fauzi',16000.00,'Transfer',16000.00,0.00,72,NULL,'selesai','2026-07-08 13:33:13','2026-07-08 13:33:13'),(159,'TRX-20260618-AF0TI','2026-06-18 17:04:00','Andi Pratama',6000.00,'Qris',6000.00,0.00,74,NULL,'selesai','2026-07-08 13:33:13','2026-07-08 13:33:13'),(160,'TRX-20260630-9VTLK','2026-06-30 18:39:00',NULL,37000.00,'Qris',37000.00,0.00,76,NULL,'selesai','2026-07-08 13:33:13','2026-07-08 13:33:13'),(161,'TRX-20260701-R18E6','2026-07-01 17:50:00','Indah Permata',106500.00,'Cash',150000.00,43500.00,76,NULL,'selesai','2026-07-08 13:33:13','2026-07-08 13:33:13'),(162,'TRX-20260625-MGWVT','2026-06-25 16:11:00','Rian Hidayat',25000.00,'Cash',50000.00,25000.00,18,NULL,'selesai','2026-07-08 13:33:13','2026-07-08 13:33:13'),(163,'TRX-20260620-M1K8F','2026-06-20 17:04:00','Wulan Dari',70500.00,'Qris',70500.00,0.00,76,NULL,'selesai','2026-07-08 13:33:13','2026-07-08 13:33:13'),(164,'TRX-20260627-2FU8T','2026-06-27 10:05:00','Taufik Hidayat',12000.00,'Transfer',12000.00,0.00,71,NULL,'selesai','2026-07-08 13:33:13','2026-07-08 13:33:13'),(165,'TRX-20260623-3D3CB','2026-06-23 15:09:00','Wulan Dari',117000.00,'Transfer',117000.00,0.00,79,NULL,'selesai','2026-07-08 13:33:13','2026-07-08 13:33:13'),(166,'TRX-20260706-N3IVS','2026-07-06 17:46:00','Wulan Dari',124000.00,'Cash',150000.00,26000.00,18,NULL,'selesai','2026-07-08 13:33:13','2026-07-08 13:33:13'),(167,'TRX-20260612-J6OOK','2026-06-12 17:37:00','Ahmad Fauzi',10000.00,'Qris',10000.00,0.00,76,NULL,'selesai','2026-07-08 13:33:13','2026-07-08 13:33:13'),(168,'TRX-20260708-SI1A2','2026-07-08 08:42:00','Budi Santoso',16000.00,'Cash',20000.00,4000.00,75,NULL,'selesai','2026-07-08 13:33:13','2026-07-08 13:33:13'),(169,'TRX-20260624-KE58G','2026-06-24 08:14:00','Yusuf Mansur',35500.00,'Transfer',35500.00,0.00,78,NULL,'selesai','2026-07-08 13:33:13','2026-07-08 13:33:13'),(170,'TRX-20260704-7BIAR','2026-07-04 18:00:00','Dedi Setiawan',12000.00,'Qris',12000.00,0.00,76,NULL,'selesai','2026-07-08 13:33:13','2026-07-08 13:33:13'),(171,'TRX-20260618-ZXSUF','2026-06-18 09:56:00','Fitri Handayani',30500.00,'Qris',30500.00,0.00,76,NULL,'selesai','2026-07-08 13:33:13','2026-07-08 13:33:13'),(172,'TRX-20260625-5S4LG','2026-06-25 08:00:00','Siti Aminah',62500.00,'Transfer',62500.00,0.00,71,NULL,'selesai','2026-07-08 13:33:13','2026-07-08 13:33:13'),(173,'TRX-20260612-83BTW','2026-06-12 08:26:00','Siti Aminah',63000.00,'Transfer',63000.00,0.00,18,NULL,'selesai','2026-07-08 13:33:13','2026-07-08 13:33:13'),(174,'TRX-20260626-K9QZD','2026-06-26 13:43:00','Wulan Dari',15000.00,'Qris',15000.00,0.00,72,NULL,'selesai','2026-07-08 13:33:13','2026-07-08 13:33:13'),(175,'TRX-20260625-DO8Z9','2026-06-25 11:43:00','Eko Prasetyo',120000.00,'Qris',120000.00,0.00,79,NULL,'selesai','2026-07-08 13:33:13','2026-07-08 13:33:13'),(176,'TRX-20260622-057TJ','2026-06-22 17:20:00','Andi Pratama',81500.00,'Transfer',81500.00,0.00,71,NULL,'selesai','2026-07-08 13:33:13','2026-07-08 13:33:13'),(177,'TRX-20260704-O2NIU','2026-07-04 09:37:00','Rian Hidayat',51000.00,'Transfer',51000.00,0.00,18,NULL,'selesai','2026-07-08 13:33:13','2026-07-08 13:33:13'),(178,'TRX-20260622-YDQBH','2026-06-22 17:26:00','Dedi Setiawan',61000.00,'Cash',100000.00,39000.00,75,NULL,'selesai','2026-07-08 13:33:13','2026-07-08 13:33:13'),(179,'TRX-20260621-022ZX','2026-06-21 08:53:00','Andi Pratama',67000.00,'Cash',100000.00,33000.00,77,NULL,'selesai','2026-07-08 13:33:13','2026-07-08 13:33:13'),(180,'TRX-20260611-2PZQX','2026-06-11 19:32:00','Gita Gutawa',31500.00,'Qris',31500.00,0.00,72,NULL,'selesai','2026-07-08 13:33:13','2026-07-08 13:33:13'),(181,'TRX-20260630-JO8JW','2026-06-30 11:59:00','Rina Rosiana',13000.00,'Cash',20000.00,7000.00,72,NULL,'selesai','2026-07-08 13:33:13','2026-07-08 13:33:13'),(182,'TRX-20260703-F2L72','2026-07-03 13:50:00','Rian Hidayat',32000.00,'Qris',32000.00,0.00,79,NULL,'selesai','2026-07-08 13:33:13','2026-07-08 13:33:13'),(183,'TRX-20260613-FTG5Y','2026-06-13 10:31:00','Wulan Dari',12000.00,'Transfer',12000.00,0.00,79,NULL,'selesai','2026-07-08 13:33:13','2026-07-08 13:33:13'),(184,'TRX-20260621-S5291','2026-06-21 19:11:00','Budi Santoso',89000.00,'Qris',89000.00,0.00,73,NULL,'selesai','2026-07-08 13:33:13','2026-07-08 13:33:13'),(185,'TRX-20260615-BB9UU','2026-06-15 09:54:00','Yusuf Mansur',45000.00,'Qris',45000.00,0.00,74,NULL,'selesai','2026-07-08 13:33:13','2026-07-08 13:33:13'),(186,'TRX-20260708-VP20H','2026-07-08 13:17:00','Bambang Pamungkas',9000.00,'Transfer',9000.00,0.00,72,NULL,'selesai','2026-07-08 13:33:13','2026-07-08 13:33:13'),(187,'TRX-20260610-39T5V','2026-06-10 10:29:00','Eko Prasetyo',23000.00,'Cash',50000.00,27000.00,73,NULL,'selesai','2026-07-08 13:33:13','2026-07-08 13:33:13'),(188,'TRX-20260703-P78GU','2026-07-03 17:57:00','Yusuf Mansur',133000.00,'Transfer',133000.00,0.00,76,NULL,'selesai','2026-07-08 13:33:13','2026-07-08 13:33:13'),(189,'TRX-20260618-V84F5','2026-06-18 09:00:00','Fitri Handayani',20000.00,'Qris',20000.00,0.00,74,NULL,'selesai','2026-07-08 13:33:13','2026-07-08 13:33:13'),(190,'TRX-20260609-58J60','2026-06-09 14:31:00',NULL,81000.00,'Cash',100000.00,19000.00,75,NULL,'selesai','2026-07-08 13:33:13','2026-07-08 13:33:13'),(191,'TRX-20260614-YB9QV','2026-07-08 10:50:00','Andi Pratama',74000.00,'Cash',100000.00,26000.00,75,NULL,'selesai','2026-07-08 13:33:13','2026-07-08 13:34:08'),(192,'TRX-20260625-I2RP2','2026-07-08 19:15:00','Dedi Setiawan',231000.00,'Qris',231000.00,0.00,74,NULL,'selesai','2026-07-08 13:33:13','2026-07-08 13:34:08'),(193,'TRX-20260625-P82J5','2026-07-08 10:48:00','Rian Hidayat',58000.00,'Qris',58000.00,0.00,74,NULL,'selesai','2026-07-08 13:33:13','2026-07-08 13:34:08'),(194,'TRX-20260620-SSB89','2026-07-08 12:20:00',NULL,86000.00,'Qris',86000.00,0.00,71,NULL,'selesai','2026-07-08 13:33:13','2026-07-08 13:34:08'),(195,'TRX-20260622-8851X','2026-07-08 11:13:00','Fitri Handayani',38000.00,'Qris',38000.00,0.00,78,NULL,'selesai','2026-07-08 13:33:13','2026-07-08 13:34:08'),(196,'TRX-20260706-FRRNF','2026-07-08 13:55:00','Wulan Dari',76000.00,'Transfer',76000.00,0.00,78,NULL,'selesai','2026-07-08 13:33:13','2026-07-08 13:34:08'),(197,'TRX-20260629-0QYR7','2026-07-08 11:47:00','Rian Hidayat',51000.00,'Transfer',51000.00,0.00,71,NULL,'selesai','2026-07-08 13:33:13','2026-07-08 13:34:08'),(198,'TRX-20260612-TFIBF','2026-07-08 16:13:00','Aditya Nugraha',27000.00,'Transfer',27000.00,0.00,73,NULL,'selesai','2026-07-08 13:33:13','2026-07-08 13:34:08'),(199,'TRX-20260702-85XK6','2026-07-08 18:21:00','Andi Pratama',40000.00,'Transfer',40000.00,0.00,74,NULL,'selesai','2026-07-08 13:33:13','2026-07-08 13:34:08'),(200,'TRX-20260703-TNNEO','2026-07-08 11:47:00','Yusuf Mansur',17500.00,'Transfer',17500.00,0.00,71,NULL,'selesai','2026-07-08 13:33:13','2026-07-08 13:34:08'),(201,'TRX-20260628-1QFN9','2026-07-08 09:28:00','Gita Gutawa',10000.00,'Transfer',10000.00,0.00,79,NULL,'selesai','2026-07-08 13:33:13','2026-07-08 13:34:08'),(202,'TRX-20260625-G5SA2','2026-07-08 12:43:00','Bambang Pamungkas',36000.00,'Qris',36000.00,0.00,74,NULL,'selesai','2026-07-08 13:33:13','2026-07-08 13:34:08'),(203,'TRX-20260622-J2SB5','2026-07-08 09:40:00','Siti Aminah',36000.00,'Cash',50000.00,14000.00,71,NULL,'selesai','2026-07-08 13:33:13','2026-07-08 13:34:08'),(204,'TRX-20260612-6GCYT','2026-07-08 09:57:00','Rani Wijaya',114000.00,'Transfer',114000.00,0.00,77,NULL,'selesai','2026-07-08 13:33:13','2026-07-08 13:34:08'),(205,'TRX-20260616-3QL1P','2026-07-08 08:26:00','Yusuf Mansur',139000.00,'Transfer',139000.00,0.00,76,NULL,'selesai','2026-07-08 13:33:13','2026-07-08 13:34:08'),(206,'TRX-20260619-KV6DW','2026-07-08 09:04:00','Dewi Lestari',55500.00,'Qris',55500.00,0.00,71,NULL,'selesai','2026-07-08 13:33:13','2026-07-08 13:34:08'),(207,'TRX-20260626-OMSCK','2026-07-08 17:46:00',NULL,16500.00,'Transfer',16500.00,0.00,72,NULL,'selesai','2026-07-08 13:33:13','2026-07-08 13:34:08'),(208,'TRX-20260610-W7YLH','2026-07-08 08:10:00','Yusuf Mansur',40000.00,'Cash',50000.00,10000.00,73,NULL,'selesai','2026-07-08 13:33:13','2026-07-08 13:34:08'),(209,'TRX-20260623-XGCVK','2026-07-08 10:07:00','Rani Wijaya',240000.00,'Cash',250000.00,10000.00,75,NULL,'selesai','2026-07-08 13:33:13','2026-07-08 13:34:08'),(210,'TRX-20260707-0JBYE','2026-07-08 17:56:00','Taufik Hidayat',113000.00,'Qris',113000.00,0.00,77,NULL,'selesai','2026-07-08 13:33:13','2026-07-08 13:34:08');
/*!40000 ALTER TABLE `transaksi` ENABLE KEYS */;
UNLOCK TABLES;

--
-- Table structure for table `transaksi_detail`
--

DROP TABLE IF EXISTS `transaksi_detail`;
/*!40101 SET @saved_cs_client     = @@character_set_client */;
/*!50503 SET character_set_client = utf8mb4 */;
CREATE TABLE `transaksi_detail` (
  `id` int NOT NULL AUTO_INCREMENT,
  `transaksi_id` int NOT NULL,
  `barang_id` int NOT NULL,
  `jumlah` int NOT NULL,
  `harga_satuan` decimal(15,2) NOT NULL,
  `subtotal` decimal(15,2) NOT NULL DEFAULT '0.00',
  `created_at` timestamp NULL DEFAULT CURRENT_TIMESTAMP,
  PRIMARY KEY (`id`),
  KEY `idx_transaksi_id` (`transaksi_id`),
  KEY `idx_barang_id` (`barang_id`),
  CONSTRAINT `transaksi_detail_ibfk_1` FOREIGN KEY (`transaksi_id`) REFERENCES `transaksi` (`id`) ON DELETE CASCADE,
  CONSTRAINT `transaksi_detail_ibfk_2` FOREIGN KEY (`barang_id`) REFERENCES `barang` (`id`),
  CONSTRAINT `transaksi_detail_chk_1` CHECK ((`jumlah` > 0)),
  CONSTRAINT `transaksi_detail_chk_2` CHECK ((`harga_satuan` >= 0))
) ENGINE=InnoDB AUTO_INCREMENT=13 DEFAULT CHARSET=utf8mb4 COLLATE=utf8mb4_0900_ai_ci;
/*!40101 SET character_set_client = @saved_cs_client */;

--
-- Dumping data for table `transaksi_detail`
--

LOCK TABLES `transaksi_detail` WRITE;
/*!40000 ALTER TABLE `transaksi_detail` DISABLE KEYS */;
INSERT INTO `transaksi_detail` VALUES (1,1,1,2,60000.00,120000.00,'2026-03-24 14:34:27'),(2,1,2,1,17000.00,17000.00,'2026-03-24 14:34:27'),(3,1,3,1,14000.00,14000.00,'2026-03-24 14:34:27'),(4,2,18,1,200000.00,200000.00,'2026-03-24 14:34:27'),(5,2,19,1,55000.00,55000.00,'2026-03-24 14:34:27'),(6,3,6,5,3000.00,15000.00,'2026-03-24 14:34:27'),(7,3,7,2,3000.00,6000.00,'2026-03-24 14:34:27'),(8,3,9,1,7000.00,7000.00,'2026-03-24 14:34:27'),(9,4,1,1,60000.00,60000.00,'2026-03-24 14:34:27'),(10,4,4,1,28000.00,28000.00,'2026-03-24 14:34:27'),(11,4,5,1,20000.00,20000.00,'2026-03-24 14:34:27'),(12,5,11,6,5000.00,30000.00,'2026-03-24 14:34:27');
/*!40000 ALTER TABLE `transaksi_detail` ENABLE KEYS */;
UNLOCK TABLES;
/*!50003 SET @saved_cs_client      = @@character_set_client */ ;
/*!50003 SET @saved_cs_results     = @@character_set_results */ ;
/*!50003 SET @saved_col_connection = @@collation_connection */ ;
/*!50003 SET character_set_client  = utf8mb4 */ ;
/*!50003 SET character_set_results = utf8mb4 */ ;
/*!50003 SET collation_connection  = utf8mb4_0900_ai_ci */ ;
/*!50003 SET @saved_sql_mode       = @@sql_mode */ ;
/*!50003 SET sql_mode              = 'ONLY_FULL_GROUP_BY,STRICT_TRANS_TABLES,NO_ZERO_IN_DATE,NO_ZERO_DATE,ERROR_FOR_DIVISION_BY_ZERO,NO_ENGINE_SUBSTITUTION' */ ;
DELIMITER ;;
/*!50003 CREATE*/ /*!50017 DEFINER=`root`@`localhost`*/ /*!50003 TRIGGER `tr_update_subtotal_insert` BEFORE INSERT ON `transaksi_detail` FOR EACH ROW BEGIN
    SET NEW.subtotal = NEW.jumlah * NEW.harga_satuan;
END */;;
DELIMITER ;
/*!50003 SET sql_mode              = @saved_sql_mode */ ;
/*!50003 SET character_set_client  = @saved_cs_client */ ;
/*!50003 SET character_set_results = @saved_cs_results */ ;
/*!50003 SET collation_connection  = @saved_col_connection */ ;
/*!50003 SET @saved_cs_client      = @@character_set_client */ ;
/*!50003 SET @saved_cs_results     = @@character_set_results */ ;
/*!50003 SET @saved_col_connection = @@collation_connection */ ;
/*!50003 SET character_set_client  = utf8mb4 */ ;
/*!50003 SET character_set_results = utf8mb4 */ ;
/*!50003 SET collation_connection  = utf8mb4_0900_ai_ci */ ;
/*!50003 SET @saved_sql_mode       = @@sql_mode */ ;
/*!50003 SET sql_mode              = 'ONLY_FULL_GROUP_BY,STRICT_TRANS_TABLES,NO_ZERO_IN_DATE,NO_ZERO_DATE,ERROR_FOR_DIVISION_BY_ZERO,NO_ENGINE_SUBSTITUTION' */ ;
DELIMITER ;;
/*!50003 CREATE*/ /*!50017 DEFINER=`root`@`localhost`*/ /*!50003 TRIGGER `tr_update_total_transaksi_insert` AFTER INSERT ON `transaksi_detail` FOR EACH ROW BEGIN
    UPDATE transaksi 
    SET total_harga = (
        SELECT SUM(subtotal) 
        FROM transaksi_detail 
        WHERE transaksi_id = NEW.transaksi_id
    )
    WHERE id = NEW.transaksi_id;
END */;;
DELIMITER ;
/*!50003 SET sql_mode              = @saved_sql_mode */ ;
/*!50003 SET character_set_client  = @saved_cs_client */ ;
/*!50003 SET character_set_results = @saved_cs_results */ ;
/*!50003 SET collation_connection  = @saved_col_connection */ ;
/*!50003 SET @saved_cs_client      = @@character_set_client */ ;
/*!50003 SET @saved_cs_results     = @@character_set_results */ ;
/*!50003 SET @saved_col_connection = @@collation_connection */ ;
/*!50003 SET character_set_client  = utf8mb4 */ ;
/*!50003 SET character_set_results = utf8mb4 */ ;
/*!50003 SET collation_connection  = utf8mb4_0900_ai_ci */ ;
/*!50003 SET @saved_sql_mode       = @@sql_mode */ ;
/*!50003 SET sql_mode              = 'ONLY_FULL_GROUP_BY,STRICT_TRANS_TABLES,NO_ZERO_IN_DATE,NO_ZERO_DATE,ERROR_FOR_DIVISION_BY_ZERO,NO_ENGINE_SUBSTITUTION' */ ;
DELIMITER ;;
/*!50003 CREATE*/ /*!50017 DEFINER=`root`@`localhost`*/ /*!50003 TRIGGER `tr_update_stok_insert` AFTER INSERT ON `transaksi_detail` FOR EACH ROW BEGIN
    UPDATE barang 
    SET stok = stok - NEW.jumlah 
    WHERE id = NEW.barang_id;
END */;;
DELIMITER ;
/*!50003 SET sql_mode              = @saved_sql_mode */ ;
/*!50003 SET character_set_client  = @saved_cs_client */ ;
/*!50003 SET character_set_results = @saved_cs_results */ ;
/*!50003 SET collation_connection  = @saved_col_connection */ ;
/*!50003 SET @saved_cs_client      = @@character_set_client */ ;
/*!50003 SET @saved_cs_results     = @@character_set_results */ ;
/*!50003 SET @saved_col_connection = @@collation_connection */ ;
/*!50003 SET character_set_client  = utf8mb4 */ ;
/*!50003 SET character_set_results = utf8mb4 */ ;
/*!50003 SET collation_connection  = utf8mb4_0900_ai_ci */ ;
/*!50003 SET @saved_sql_mode       = @@sql_mode */ ;
/*!50003 SET sql_mode              = 'ONLY_FULL_GROUP_BY,STRICT_TRANS_TABLES,NO_ZERO_IN_DATE,NO_ZERO_DATE,ERROR_FOR_DIVISION_BY_ZERO,NO_ENGINE_SUBSTITUTION' */ ;
DELIMITER ;;
/*!50003 CREATE*/ /*!50017 DEFINER=`root`@`localhost`*/ /*!50003 TRIGGER `tr_update_subtotal_update` BEFORE UPDATE ON `transaksi_detail` FOR EACH ROW BEGIN
    SET NEW.subtotal = NEW.jumlah * NEW.harga_satuan;
END */;;
DELIMITER ;
/*!50003 SET sql_mode              = @saved_sql_mode */ ;
/*!50003 SET character_set_client  = @saved_cs_client */ ;
/*!50003 SET character_set_results = @saved_cs_results */ ;
/*!50003 SET collation_connection  = @saved_col_connection */ ;
/*!50003 SET @saved_cs_client      = @@character_set_client */ ;
/*!50003 SET @saved_cs_results     = @@character_set_results */ ;
/*!50003 SET @saved_col_connection = @@collation_connection */ ;
/*!50003 SET character_set_client  = utf8mb4 */ ;
/*!50003 SET character_set_results = utf8mb4 */ ;
/*!50003 SET collation_connection  = utf8mb4_0900_ai_ci */ ;
/*!50003 SET @saved_sql_mode       = @@sql_mode */ ;
/*!50003 SET sql_mode              = 'ONLY_FULL_GROUP_BY,STRICT_TRANS_TABLES,NO_ZERO_IN_DATE,NO_ZERO_DATE,ERROR_FOR_DIVISION_BY_ZERO,NO_ENGINE_SUBSTITUTION' */ ;
DELIMITER ;;
/*!50003 CREATE*/ /*!50017 DEFINER=`root`@`localhost`*/ /*!50003 TRIGGER `tr_update_total_transaksi_update` AFTER UPDATE ON `transaksi_detail` FOR EACH ROW BEGIN
    UPDATE transaksi 
    SET total_harga = (
        SELECT SUM(subtotal) 
        FROM transaksi_detail 
        WHERE transaksi_id = NEW.transaksi_id
    )
    WHERE id = NEW.transaksi_id;
END */;;
DELIMITER ;
/*!50003 SET sql_mode              = @saved_sql_mode */ ;
/*!50003 SET character_set_client  = @saved_cs_client */ ;
/*!50003 SET character_set_results = @saved_cs_results */ ;
/*!50003 SET collation_connection  = @saved_col_connection */ ;
/*!50003 SET @saved_cs_client      = @@character_set_client */ ;
/*!50003 SET @saved_cs_results     = @@character_set_results */ ;
/*!50003 SET @saved_col_connection = @@collation_connection */ ;
/*!50003 SET character_set_client  = utf8mb4 */ ;
/*!50003 SET character_set_results = utf8mb4 */ ;
/*!50003 SET collation_connection  = utf8mb4_0900_ai_ci */ ;
/*!50003 SET @saved_sql_mode       = @@sql_mode */ ;
/*!50003 SET sql_mode              = 'ONLY_FULL_GROUP_BY,STRICT_TRANS_TABLES,NO_ZERO_IN_DATE,NO_ZERO_DATE,ERROR_FOR_DIVISION_BY_ZERO,NO_ENGINE_SUBSTITUTION' */ ;
DELIMITER ;;
/*!50003 CREATE*/ /*!50017 DEFINER=`root`@`localhost`*/ /*!50003 TRIGGER `tr_update_total_transaksi_delete` AFTER DELETE ON `transaksi_detail` FOR EACH ROW BEGIN
    UPDATE transaksi 
    SET total_harga = (
        SELECT COALESCE(SUM(subtotal), 0) 
        FROM transaksi_detail 
        WHERE transaksi_id = OLD.transaksi_id
    )
    WHERE id = OLD.transaksi_id;
END */;;
DELIMITER ;
/*!50003 SET sql_mode              = @saved_sql_mode */ ;
/*!50003 SET character_set_client  = @saved_cs_client */ ;
/*!50003 SET character_set_results = @saved_cs_results */ ;
/*!50003 SET collation_connection  = @saved_col_connection */ ;

--
-- Table structure for table `unit_usaha`
--

DROP TABLE IF EXISTS `unit_usaha`;
/*!40101 SET @saved_cs_client     = @@character_set_client */;
/*!50503 SET character_set_client = utf8mb4 */;
CREATE TABLE `unit_usaha` (
  `id` int NOT NULL AUTO_INCREMENT,
  `nama_unit` varchar(100) NOT NULL,
  `jenis_usaha` varchar(50) DEFAULT 'Retail',
  `deskripsi` text,
  `status` enum('active','nonactive') DEFAULT 'active',
  `created_at` timestamp NULL DEFAULT CURRENT_TIMESTAMP,
  `updated_at` timestamp NULL DEFAULT CURRENT_TIMESTAMP ON UPDATE CURRENT_TIMESTAMP,
  PRIMARY KEY (`id`),
  KEY `idx_nama_usaha` (`nama_unit`)
) ENGINE=InnoDB AUTO_INCREMENT=101 DEFAULT CHARSET=utf8mb4 COLLATE=utf8mb4_0900_ai_ci;
/*!40101 SET character_set_client = @saved_cs_client */;

--
-- Dumping data for table `unit_usaha`
--

LOCK TABLES `unit_usaha` WRITE;
/*!40000 ALTER TABLE `unit_usaha` DISABLE KEYS */;
INSERT INTO `unit_usaha` VALUES (1,'CV Desa Mandiri','Retail','Unit usaha kemitraan dengan CV Desa Mandiri','active','2026-05-17 02:05:10','2026-05-17 02:05:10'),(2,'CV Mitra Sejahtera','Retail','Unit usaha kemitraan dengan CV Mitra Sejahtera','active','2026-05-17 02:05:10','2026-05-17 02:05:10'),(3,'PT Sumber Makmur','Retail','Unit usaha kemitraan dengan PT Sumber Makmur','active','2026-05-17 02:05:10','2026-05-17 02:05:10'),(4,'UD Berkah Jaya','Retail','Unit usaha kemitraan dengan UD Berkah Jaya','active','2026-05-17 02:05:11','2026-05-17 02:05:11'),(5,'PT Pangan Nusantara','Retail','Unit usaha kemitraan dengan PT Pangan Nusantara','active','2026-05-17 02:05:11','2026-05-17 02:05:11'),(6,'CV Amanah Sentosa','Retail','Unit usaha kemitraan dengan CV Amanah Sentosa','active','2026-05-17 02:05:11','2026-05-17 02:05:11'),(7,'PT Cahaya Abadi','Retail','Unit usaha kemitraan dengan PT Cahaya Abadi','active','2026-05-17 02:05:11','2026-05-17 02:05:11'),(8,'UD Sinar Jaya','Retail','Unit usaha kemitraan dengan UD Sinar Jaya','active','2026-05-17 02:05:11','2026-05-17 02:05:11'),(9,'CV Karya Bersama','Retail','Unit usaha kemitraan dengan CV Karya Bersama','active','2026-05-17 02:05:11','2026-05-17 02:05:11'),(10,'PT Tunas Harapan','Retail','Unit usaha kemitraan dengan PT Tunas Harapan','active','2026-05-17 02:05:11','2026-05-17 02:05:11'),(11,'UD Maju Lancar','Retail','Unit usaha kemitraan dengan UD Maju Lancar','active','2026-05-17 02:05:12','2026-05-17 02:05:12'),(12,'CV Prima Mandiri','Retail','Unit usaha kemitraan dengan CV Prima Mandiri','active','2026-05-17 02:05:12','2026-05-17 02:05:12'),(13,'PT Bumi Sejahtera','Retail','Unit usaha kemitraan dengan PT Bumi Sejahtera','active','2026-05-17 02:05:12','2026-05-17 02:05:12'),(14,'UD Berkah Sentosa','Retail','Unit usaha kemitraan dengan UD Berkah Sentosa','active','2026-05-17 02:05:12','2026-05-17 02:05:12'),(15,'CV Lestari Jaya','Retail','Unit usaha kemitraan dengan CV Lestari Jaya','active','2026-05-17 02:05:12','2026-05-17 02:05:12'),(16,'PT Surya Makmur','Retail','Unit usaha kemitraan dengan PT Surya Makmur','active','2026-05-17 02:05:12','2026-05-17 02:05:12'),(17,'UD Harapan Baru','Retail','Unit usaha kemitraan dengan UD Harapan Baru','active','2026-05-17 02:05:12','2026-05-17 02:05:12'),(18,'CV Anugerah Abadi','Retail','Unit usaha kemitraan dengan CV Anugerah Abadi','active','2026-05-17 02:05:13','2026-05-17 02:05:13'),(19,'PT Mandiri Pangan','Retail','Unit usaha kemitraan dengan PT Mandiri Pangan','active','2026-05-17 02:05:13','2026-05-17 02:05:13'),(20,'UD Sumber Rezeki','Retail','Unit usaha kemitraan dengan UD Sumber Rezeki','active','2026-05-17 02:05:13','2026-05-17 02:05:13'),(21,'CV Sejahtera Bersama','Retail','Unit usaha kemitraan dengan CV Sejahtera Bersama','active','2026-05-17 02:05:13','2026-05-17 02:05:13'),(22,'PT Indo Makmur','Retail','Unit usaha kemitraan dengan PT Indo Makmur','active','2026-05-17 02:05:13','2026-05-17 02:05:13'),(23,'UD Jaya Abadi','Retail','Unit usaha kemitraan dengan UD Jaya Abadi','active','2026-05-17 02:05:13','2026-05-17 02:05:13'),(24,'CV Nusantara Prima','Retail','Unit usaha kemitraan dengan CV Nusantara Prima','active','2026-05-17 02:05:13','2026-05-17 02:05:13'),(25,'PT Global Sentosa','Retail','Unit usaha kemitraan dengan PT Global Sentosa','active','2026-05-17 02:05:13','2026-05-17 02:05:13'),(26,'UD Cahaya Mandiri','Retail','Unit usaha kemitraan dengan UD Cahaya Mandiri','active','2026-05-17 02:05:14','2026-05-17 02:05:14'),(27,'CV Berkah Utama','Retail','Unit usaha kemitraan dengan CV Berkah Utama','active','2026-05-17 02:05:14','2026-05-17 02:05:14'),(28,'PT Mitra Abadi','Retail','Unit usaha kemitraan dengan PT Mitra Abadi','active','2026-05-17 02:05:14','2026-05-17 02:05:14'),(29,'UD Sari Makmur','Retail','Unit usaha kemitraan dengan UD Sari Makmur','active','2026-05-17 02:05:14','2026-05-17 02:05:14'),(30,'CV Sumber Jaya','Retail','Unit usaha kemitraan dengan CV Sumber Jaya','active','2026-05-17 02:05:14','2026-05-17 02:05:14'),(31,'PT Lintas Pangan','Retail','Unit usaha kemitraan dengan PT Lintas Pangan','active','2026-05-17 02:05:14','2026-05-17 02:05:14'),(32,'UD Prima Sejahtera','Retail','Unit usaha kemitraan dengan UD Prima Sejahtera','active','2026-05-17 02:05:15','2026-05-17 02:05:15'),(33,'CV Makmur Bersama','Retail','Unit usaha kemitraan dengan CV Makmur Bersama','active','2026-05-17 02:05:15','2026-05-17 02:05:15'),(34,'PT Karya Nusantara','Retail','Unit usaha kemitraan dengan PT Karya Nusantara','active','2026-05-17 02:05:15','2026-05-17 02:05:15'),(35,'UD Sentosa Jaya','Retail','Unit usaha kemitraan dengan UD Sentosa Jaya','active','2026-05-17 02:05:15','2026-05-17 02:05:15'),(36,'CV Tani Mandiri','Retail','Unit usaha kemitraan dengan CV Tani Mandiri','active','2026-05-17 02:05:15','2026-05-17 02:05:15'),(37,'PT Agro Sejahtera','Retail','Unit usaha kemitraan dengan PT Agro Sejahtera','active','2026-05-17 02:05:15','2026-05-17 02:05:15'),(38,'UD Murni Jaya','Retail','Unit usaha kemitraan dengan UD Murni Jaya','active','2026-05-17 02:05:15','2026-05-17 02:05:15'),(39,'CV Cahaya Pangan','Retail','Unit usaha kemitraan dengan CV Cahaya Pangan','active','2026-05-17 02:05:16','2026-05-17 02:05:16'),(40,'PT Sinar Nusantara','Retail','Unit usaha kemitraan dengan PT Sinar Nusantara','active','2026-05-17 02:05:16','2026-05-17 02:05:16'),(41,'UD Berkah Makmur','Retail','Unit usaha kemitraan dengan UD Berkah Makmur','active','2026-05-17 02:05:16','2026-05-17 02:05:16'),(42,'CV Mandiri Utama','Retail','Unit usaha kemitraan dengan CV Mandiri Utama','active','2026-05-17 02:05:16','2026-05-17 02:05:16'),(43,'PT Harapan Sentosa','Retail','Unit usaha kemitraan dengan PT Harapan Sentosa','active','2026-05-17 02:05:16','2026-05-17 02:05:16'),(44,'UD Sumber Mandiri','Retail','Unit usaha kemitraan dengan UD Sumber Mandiri','active','2026-05-17 02:05:16','2026-05-17 02:05:16'),(45,'CV Pangan Lestari','Retail','Unit usaha kemitraan dengan CV Pangan Lestari','active','2026-05-17 02:05:16','2026-05-17 02:05:16'),(46,'PT Mitra Nusantara','Retail','Unit usaha kemitraan dengan PT Mitra Nusantara','active','2026-05-17 02:05:17','2026-05-17 02:05:17'),(47,'UD Jaya Sentosa','Retail','Unit usaha kemitraan dengan UD Jaya Sentosa','active','2026-05-17 02:05:17','2026-05-17 02:05:17'),(48,'CV Tunas Mandiri','Retail','Unit usaha kemitraan dengan CV Tunas Mandiri','active','2026-05-17 02:05:17','2026-05-17 02:05:17'),(49,'PT Prima Abadi','Retail','Unit usaha kemitraan dengan PT Prima Abadi','active','2026-05-17 02:05:17','2026-05-17 02:05:17'),(50,'UD Lestari Makmur','Retail','Unit usaha kemitraan dengan UD Lestari Makmur','active','2026-05-17 02:05:17','2026-05-17 02:05:17'),(51,'CV Indo Sejahtera','Retail','Unit usaha kemitraan dengan CV Indo Sejahtera','active','2026-05-17 02:05:17','2026-05-17 02:05:17'),(52,'PT Sumber Abadi','Retail','Unit usaha kemitraan dengan PT Sumber Abadi','active','2026-05-17 02:05:17','2026-05-17 02:05:17'),(53,'UD Karya Mandiri','Retail','Unit usaha kemitraan dengan UD Karya Mandiri','active','2026-05-17 02:05:18','2026-05-17 02:05:18'),(54,'CV Global Makmur','Retail','Unit usaha kemitraan dengan CV Global Makmur','active','2026-05-17 02:05:18','2026-05-17 02:05:18'),(55,'PT Berkah Nusantara','Retail','Unit usaha kemitraan dengan PT Berkah Nusantara','active','2026-05-17 02:05:18','2026-05-17 02:05:18'),(56,'UD Cahaya Sentosa','Retail','Unit usaha kemitraan dengan UD Cahaya Sentosa','active','2026-05-17 02:05:18','2026-05-17 02:05:18'),(57,'CV Surya Mandiri','Retail','Unit usaha kemitraan dengan CV Surya Mandiri','active','2026-05-17 02:05:18','2026-05-17 02:05:18'),(58,'PT Amanah Jaya','Retail','Unit usaha kemitraan dengan PT Amanah Jaya','active','2026-05-17 02:05:18','2026-05-17 02:05:18'),(59,'UD Mitra Makmur','Retail','Unit usaha kemitraan dengan UD Mitra Makmur','active','2026-05-17 02:05:18','2026-05-17 02:05:18'),(60,'CV Bumi Pangan','Retail','Unit usaha kemitraan dengan CV Bumi Pangan','active','2026-05-17 02:05:19','2026-05-17 02:05:19'),(61,'PT Jaya Makmur','Retail','Unit usaha kemitraan dengan PT Jaya Makmur','active','2026-05-17 02:05:19','2026-05-17 02:05:19'),(62,'UD Sinar Abadi','Retail','Unit usaha kemitraan dengan UD Sinar Abadi','active','2026-05-17 02:05:19','2026-05-17 02:05:19'),(63,'CV Harapan Jaya','Retail','Unit usaha kemitraan dengan CV Harapan Jaya','active','2026-05-17 02:05:19','2026-05-17 02:05:19'),(64,'PT Lestari Mandiri','Retail','Unit usaha kemitraan dengan PT Lestari Mandiri','active','2026-05-17 02:05:19','2026-05-17 02:05:19'),(65,'UD Nusantara Makmur','Retail','Unit usaha kemitraan dengan UD Nusantara Makmur','active','2026-05-17 02:05:19','2026-05-17 02:05:19'),(66,'CV Prima Sentosa','Retail','Unit usaha kemitraan dengan CV Prima Sentosa','active','2026-05-17 02:05:19','2026-05-17 02:05:19'),(67,'PT Karya Abadi','Retail','Unit usaha kemitraan dengan PT Karya Abadi','active','2026-05-17 02:05:20','2026-05-17 02:05:20'),(68,'UD Mandiri Jaya','Retail','Unit usaha kemitraan dengan UD Mandiri Jaya','active','2026-05-17 02:05:20','2026-05-17 02:05:20'),(69,'CV Sari Pangan','Retail','Unit usaha kemitraan dengan CV Sari Pangan','active','2026-05-17 02:05:20','2026-05-17 02:05:20'),(70,'PT Cahaya Makmur','Retail','Unit usaha kemitraan dengan PT Cahaya Makmur','active','2026-05-17 02:05:20','2026-05-17 02:05:20'),(71,'UD Agro Mandiri','Retail','Unit usaha kemitraan dengan UD Agro Mandiri','active','2026-05-17 02:05:20','2026-05-17 02:05:20'),(72,'CV Mitra Pangan','Retail','Unit usaha kemitraan dengan CV Mitra Pangan','active','2026-05-17 02:05:20','2026-05-17 02:05:20'),(73,'PT Sumber Sentosa','Retail','Unit usaha kemitraan dengan PT Sumber Sentosa','active','2026-05-17 02:05:20','2026-05-17 02:05:20'),(74,'UD Berkah Pangan','Retail','Unit usaha kemitraan dengan UD Berkah Pangan','active','2026-05-17 02:05:21','2026-05-17 02:05:21'),(75,'CV Tani Sejahtera','Retail','Unit usaha kemitraan dengan CV Tani Sejahtera','active','2026-05-17 02:05:21','2026-05-17 02:05:21'),(76,'PT Indo Pangan','Retail','Unit usaha kemitraan dengan PT Indo Pangan','active','2026-05-17 02:05:21','2026-05-17 02:05:21'),(77,'UD Global Jaya','Retail','Unit usaha kemitraan dengan UD Global Jaya','active','2026-05-17 02:05:21','2026-05-17 02:05:21'),(78,'CV Nusantara Jaya','Retail','Unit usaha kemitraan dengan CV Nusantara Jaya','active','2026-05-17 02:05:21','2026-05-17 02:05:21'),(79,'PT Surya Abadi','Retail','Unit usaha kemitraan dengan PT Surya Abadi','active','2026-05-17 02:05:21','2026-05-17 02:05:21'),(80,'UD Amanah Makmur','Retail','Unit usaha kemitraan dengan UD Amanah Makmur','active','2026-05-17 02:05:21','2026-05-17 02:05:21'),(81,'CV Karya Pangan','Retail','Unit usaha kemitraan dengan CV Karya Pangan','active','2026-05-17 02:05:22','2026-05-17 02:05:22'),(82,'PT Bumi Makmur','Retail','Unit usaha kemitraan dengan PT Bumi Makmur','active','2026-05-17 02:05:22','2026-05-17 02:05:22'),(83,'UD Prima Mandiri','Retail','Unit usaha kemitraan dengan UD Prima Mandiri','active','2026-05-17 02:05:22','2026-05-17 02:05:22'),(84,'CV Lintas Sejahtera','Retail','Unit usaha kemitraan dengan CV Lintas Sejahtera','active','2026-05-17 02:05:22','2026-05-17 02:05:22'),(85,'PT Sinar Mandiri','Retail','Unit usaha kemitraan dengan PT Sinar Mandiri','active','2026-05-17 02:05:22','2026-05-17 02:05:22'),(86,'UD Harapan Makmur','Retail','Unit usaha kemitraan dengan UD Harapan Makmur','active','2026-05-17 02:05:22','2026-05-17 02:05:22'),(87,'CV Mandiri Pangan','Retail','Unit usaha kemitraan dengan CV Mandiri Pangan','active','2026-05-17 02:05:22','2026-05-17 02:05:22'),(88,'PT Jaya Sentosa','Retail','Unit usaha kemitraan dengan PT Jaya Sentosa','active','2026-05-17 02:05:23','2026-05-17 02:05:23'),(89,'UD Lestari Jaya','Retail','Unit usaha kemitraan dengan UD Lestari Jaya','active','2026-05-17 02:05:23','2026-05-17 02:05:23'),(90,'CV Cahaya Utama','Retail','Unit usaha kemitraan dengan CV Cahaya Utama','active','2026-05-17 02:05:23','2026-05-17 02:05:23'),(91,'PT Mitra Makmur','Retail','Unit usaha kemitraan dengan PT Mitra Makmur','active','2026-05-17 02:05:23','2026-05-17 02:05:23'),(92,'UD Sumber Pangan','Retail','Unit usaha kemitraan dengan UD Sumber Pangan','active','2026-05-17 02:05:23','2026-05-17 02:05:23'),(93,'CV Agro Lestari','Retail','Unit usaha kemitraan dengan CV Agro Lestari','active','2026-05-17 02:05:23','2026-05-17 02:05:23'),(94,'PT Prima Nusantara','Retail','Unit usaha kemitraan dengan PT Prima Nusantara','active','2026-05-17 02:05:23','2026-05-17 02:05:23'),(95,'UD Karya Sentosa','Retail','Unit usaha kemitraan dengan UD Karya Sentosa','active','2026-05-17 02:05:24','2026-05-17 02:05:24'),(96,'CV Berkah Lestari','Retail','Unit usaha kemitraan dengan CV Berkah Lestari','active','2026-05-17 02:05:24','2026-05-17 02:05:24'),(97,'PT Amanah Sentosa','Retail','Unit usaha kemitraan dengan PT Amanah Sentosa','active','2026-05-17 02:05:24','2026-05-17 02:05:24'),(98,'UD Tunas Jaya','Retail','Unit usaha kemitraan dengan UD Tunas Jaya','active','2026-05-17 02:05:24','2026-05-17 02:05:24'),(99,'CV Surya Pangan','Retail','Unit usaha kemitraan dengan CV Surya Pangan','active','2026-05-17 02:05:24','2026-05-17 02:05:24'),(100,'PT Global Mandiri','Retail','Unit usaha kemitraan dengan PT Global Mandiri','active','2026-05-17 02:05:24','2026-05-17 02:05:24');
/*!40000 ALTER TABLE `unit_usaha` ENABLE KEYS */;
UNLOCK TABLES;

--
-- Table structure for table `users`
--

DROP TABLE IF EXISTS `users`;
/*!40101 SET @saved_cs_client     = @@character_set_client */;
/*!50503 SET character_set_client = utf8mb4 */;
CREATE TABLE `users` (
  `id` int NOT NULL AUTO_INCREMENT,
  `username` varchar(50) NOT NULL,
  `email` varchar(100) DEFAULT NULL,
  `password` varchar(255) NOT NULL,
  `nama_lengkap` varchar(100) NOT NULL,
  `role` enum('admin','pengurus','operator','auditor') DEFAULT 'operator',
  `status` enum('active','nonactive') DEFAULT 'active',
  `created_at` timestamp NULL DEFAULT CURRENT_TIMESTAMP,
  `updated_at` timestamp NULL DEFAULT CURRENT_TIMESTAMP ON UPDATE CURRENT_TIMESTAMP,
  PRIMARY KEY (`id`),
  UNIQUE KEY `username` (`username`),
  UNIQUE KEY `email` (`email`),
  KEY `idx_username` (`username`),
  KEY `idx_email` (`email`)
) ENGINE=InnoDB AUTO_INCREMENT=179 DEFAULT CHARSET=utf8mb4 COLLATE=utf8mb4_0900_ai_ci;
/*!40101 SET character_set_client = @saved_cs_client */;

--
-- Dumping data for table `users`
--

LOCK TABLES `users` WRITE;
/*!40000 ALTER TABLE `users` DISABLE KEYS */;
INSERT INTO `users` VALUES (18,'admin','admin@koperasi.com','$2b$10$HLOrIIR2zmh7JCoGjir.nOokpLmH596ZHi23l48q79/Nmo1odgGQS','Administrator','admin','active','2026-05-10 06:00:43','2026-05-11 02:00:37'),(71,'andi','andisaputra@gmail.com','$2b$10$KG0WooBlKkD6lZGKWwmfReGqtm86JusUtX2HnAY/jSo9IDvCM5DJm','Andi Saputra','pengurus','active','2026-05-17 02:00:56','2026-06-05 02:04:31'),(72,'budi','budisantoso@gmail.com','$2b$10$KG0WooBlKkD6lZGKWwmfReGqtm86JusUtX2HnAY/jSo9IDvCM5DJm','Budi Santoso','pengurus','active','2026-05-17 02:00:56','2026-05-17 02:00:56'),(73,'citra','citralestari@gmail.com','$2b$10$KG0WooBlKkD6lZGKWwmfReGqtm86JusUtX2HnAY/jSo9IDvCM5DJm','Citra Lestari','pengurus','active','2026-05-17 02:00:56','2026-05-17 02:00:56'),(74,'dedi','dedikurniawan@gmail.com','$2b$10$KG0WooBlKkD6lZGKWwmfReGqtm86JusUtX2HnAY/jSo9IDvCM5DJm','Dedi Kurniawan','pengurus','active','2026-05-17 02:00:57','2026-05-17 02:00:57'),(75,'eka','ekapratama@gmail.com','$2b$10$KG0WooBlKkD6lZGKWwmfReGqtm86JusUtX2HnAY/jSo9IDvCM5DJm','Eka Pratama','pengurus','active','2026-05-17 02:00:57','2026-05-17 02:00:57'),(76,'fitri','fitrihandayani@gmail.com','$2b$10$KG0WooBlKkD6lZGKWwmfReGqtm86JusUtX2HnAY/jSo9IDvCM5DJm','Fitri Handayani','pengurus','active','2026-05-17 02:00:57','2026-05-17 02:00:57'),(77,'gita','gitapermatasari@gmail.com','$2b$10$KG0WooBlKkD6lZGKWwmfReGqtm86JusUtX2HnAY/jSo9IDvCM5DJm','Gita Permatasari','pengurus','active','2026-05-17 02:00:57','2026-05-17 02:00:57'),(78,'hendr','hendrawijaya@gmail.com','$2b$10$KG0WooBlKkD6lZGKWwmfReGqtm86JusUtX2HnAY/jSo9IDvCM5DJm','Hendra Wijaya','pengurus','active','2026-05-17 02:00:57','2026-05-17 02:00:57'),(79,'indah','indahpuspita@gmail.com','$2b$10$KG0WooBlKkD6lZGKWwmfReGqtm86JusUtX2HnAY/jSo9IDvCM5DJm','Indah Puspita','pengurus','active','2026-05-17 02:00:58','2026-05-17 02:00:58'),(80,'joko','jokosusilo@gmail.com','$2b$10$KG0WooBlKkD6lZGKWwmfReGqtm86JusUtX2HnAY/jSo9IDvCM5DJm','Joko Susilo','pengurus','active','2026-05-17 02:00:58','2026-05-17 02:00:58'),(81,'karti','kartikasari@gmail.com','$2b$10$KG0WooBlKkD6lZGKWwmfReGqtm86JusUtX2HnAY/jSo9IDvCM5DJm','Kartika Sari','pengurus','active','2026-05-17 02:00:58','2026-05-17 02:00:58'),(82,'luki','lukifirmansyah@gmail.com','$2b$10$KG0WooBlKkD6lZGKWwmfReGqtm86JusUtX2HnAY/jSo9IDvCM5DJm','Luki Firmansyah','pengurus','active','2026-05-17 02:00:58','2026-05-17 02:00:58'),(83,'maya','mayaanggraini@gmail.com','$2b$10$KG0WooBlKkD6lZGKWwmfReGqtm86JusUtX2HnAY/jSo9IDvCM5DJm','Maya Anggraini','pengurus','active','2026-05-17 02:00:58','2026-05-17 02:00:58'),(84,'nanda','nandaputra@gmail.com','$2b$10$KG0WooBlKkD6lZGKWwmfReGqtm86JusUtX2HnAY/jSo9IDvCM5DJm','Nanda Putra','pengurus','active','2026-05-17 02:00:58','2026-05-17 02:00:58'),(85,'oki','okiramadhan@gmail.com','$2b$10$KG0WooBlKkD6lZGKWwmfReGqtm86JusUtX2HnAY/jSo9IDvCM5DJm','Oki Ramadhan','pengurus','active','2026-05-17 02:00:59','2026-05-17 02:00:59'),(86,'putri','putrimaharani@gmail.com','$2b$10$KG0WooBlKkD6lZGKWwmfReGqtm86JusUtX2HnAY/jSo9IDvCM5DJm','Putri Maharani','pengurus','active','2026-05-17 02:00:59','2026-05-17 02:00:59'),(87,'rian','rianhidayat@gmail.com','$2b$10$KG0WooBlKkD6lZGKWwmfReGqtm86JusUtX2HnAY/jSo9IDvCM5DJm','Rian Hidayat','pengurus','active','2026-05-17 02:00:59','2026-05-17 02:00:59'),(88,'sinta','sintanurhaliza@gmail.com','$2b$10$KG0WooBlKkD6lZGKWwmfReGqtm86JusUtX2HnAY/jSo9IDvCM5DJm','Sinta Nurhaliza','pengurus','active','2026-05-17 02:00:59','2026-05-17 02:00:59'),(89,'taufi','taufikakbar@gmail.com','$2b$10$KG0WooBlKkD6lZGKWwmfReGqtm86JusUtX2HnAY/jSo9IDvCM5DJm','Taufik Akbar','pengurus','active','2026-05-17 02:00:59','2026-05-17 02:00:59'),(90,'umi','umikalsum@gmail.com','$2b$10$KG0WooBlKkD6lZGKWwmfReGqtm86JusUtX2HnAY/jSo9IDvCM5DJm','Umi Kalsum','pengurus','active','2026-05-17 02:01:01','2026-05-17 02:01:01'),(91,'vina','vinaamalia@gmail.com','$2b$10$KG0WooBlKkD6lZGKWwmfReGqtm86JusUtX2HnAY/jSo9IDvCM5DJm','Vina Amalia','pengurus','active','2026-05-17 02:01:01','2026-05-17 02:01:01'),(92,'wahyu','wahyunugroho@gmail.com','$2b$10$KG0WooBlKkD6lZGKWwmfReGqtm86JusUtX2HnAY/jSo9IDvCM5DJm','Wahyu Nugroho','pengurus','active','2026-05-17 02:01:02','2026-05-17 02:01:02'),(93,'yuni','yuniastuti@gmail.com','$2b$10$KG0WooBlKkD6lZGKWwmfReGqtm86JusUtX2HnAY/jSo9IDvCM5DJm','Yuni Astuti','pengurus','active','2026-05-17 02:01:02','2026-05-17 02:01:02'),(94,'zaki','zakimaulana@gmail.com','$2b$10$KG0WooBlKkD6lZGKWwmfReGqtm86JusUtX2HnAY/jSo9IDvCM5DJm','Zaki Maulana','pengurus','active','2026-05-17 02:01:02','2026-05-17 02:01:02'),(95,'adity','adityaprakoso@gmail.com','$2b$10$KG0WooBlKkD6lZGKWwmfReGqtm86JusUtX2HnAY/jSo9IDvCM5DJm','Aditya Prakoso','pengurus','active','2026-05-17 02:01:02','2026-05-17 02:01:02'),(96,'bella','bellasafitri@gmail.com','$2b$10$KG0WooBlKkD6lZGKWwmfReGqtm86JusUtX2HnAY/jSo9IDvCM5DJm','Bella Safitri','pengurus','active','2026-05-17 02:01:02','2026-05-17 02:01:02'),(97,'chand','chandrairawan@gmail.com','$2b$10$KG0WooBlKkD6lZGKWwmfReGqtm86JusUtX2HnAY/jSo9IDvCM5DJm','Chandra Irawan','pengurus','active','2026-05-17 02:01:03','2026-05-17 02:01:03'),(98,'dewi','dewisartika@gmail.com','$2b$10$KG0WooBlKkD6lZGKWwmfReGqtm86JusUtX2HnAY/jSo9IDvCM5DJm','Dewi Sartika','pengurus','active','2026-05-17 02:01:03','2026-05-17 02:01:03'),(99,'eko','ekopurnomo@gmail.com','$2b$10$KG0WooBlKkD6lZGKWwmfReGqtm86JusUtX2HnAY/jSo9IDvCM5DJm','Eko Purnomo','pengurus','active','2026-05-17 02:01:03','2026-05-17 02:01:03'),(100,'fajar','fajarnugraha@gmail.com','$2b$10$KG0WooBlKkD6lZGKWwmfReGqtm86JusUtX2HnAY/jSo9IDvCM5DJm','Fajar Nugraha','pengurus','active','2026-05-17 02:01:03','2026-05-17 02:01:03'),(101,'gina','ginamarlina@gmail.com','$2b$10$KG0WooBlKkD6lZGKWwmfReGqtm86JusUtX2HnAY/jSo9IDvCM5DJm','Gina Marlina','pengurus','active','2026-05-17 02:01:03','2026-05-17 02:01:03'),(102,'hari','harisetiawan@gmail.com','$2b$10$KG0WooBlKkD6lZGKWwmfReGqtm86JusUtX2HnAY/jSo9IDvCM5DJm','Hari Setiawan','pengurus','active','2026-05-17 02:01:03','2026-05-17 02:01:03'),(103,'intan','intanpermata@gmail.com','$2b$10$KG0WooBlKkD6lZGKWwmfReGqtm86JusUtX2HnAY/jSo9IDvCM5DJm','Intan Permata','pengurus','active','2026-05-17 02:01:04','2026-05-17 02:01:04'),(104,'johan','johanardiansyah@gmail.com','$2b$10$KG0WooBlKkD6lZGKWwmfReGqtm86JusUtX2HnAY/jSo9IDvCM5DJm','Johan Ardiansyah','pengurus','active','2026-05-17 02:01:04','2026-05-17 02:01:04'),(105,'kiki','kikiamelia@gmail.com','$2b$10$KG0WooBlKkD6lZGKWwmfReGqtm86JusUtX2HnAY/jSo9IDvCM5DJm','Kiki Amelia','pengurus','active','2026-05-17 02:01:04','2026-05-17 02:01:04'),(106,'lesta','lestariwulandari@gmail.com','$2b$10$KG0WooBlKkD6lZGKWwmfReGqtm86JusUtX2HnAY/jSo9IDvCM5DJm','Lestari Wulandari','pengurus','active','2026-05-17 02:01:04','2026-05-17 02:01:04'),(107,'maman','mamansuherman@gmail.com','$2b$10$KG0WooBlKkD6lZGKWwmfReGqtm86JusUtX2HnAY/jSo9IDvCM5DJm','Maman Suherman','pengurus','active','2026-05-17 02:01:04','2026-05-17 02:01:04'),(108,'nia','niaramadhani@gmail.com','$2b$10$KG0WooBlKkD6lZGKWwmfReGqtm86JusUtX2HnAY/jSo9IDvCM5DJm','Nia Ramadhani','pengurus','active','2026-05-17 02:01:05','2026-05-17 02:01:05'),(109,'oscar','oscarmaulana@gmail.com','$2b$10$KG0WooBlKkD6lZGKWwmfReGqtm86JusUtX2HnAY/jSo9IDvCM5DJm','Oscar Maulana','pengurus','active','2026-05-17 02:01:05','2026-05-17 02:01:05'),(110,'pipit','pipitlestari@gmail.com','$2b$10$KG0WooBlKkD6lZGKWwmfReGqtm86JusUtX2HnAY/jSo9IDvCM5DJm','Pipit Lestari','pengurus','active','2026-05-17 02:01:05','2026-05-17 02:01:05'),(111,'qori','qorimaulida@gmail.com','$2b$10$KG0WooBlKkD6lZGKWwmfReGqtm86JusUtX2HnAY/jSo9IDvCM5DJm','Qori Maulida','pengurus','active','2026-05-17 02:01:05','2026-05-17 02:01:05'),(112,'rudi','rudihartono@gmail.com','$2b$10$KG0WooBlKkD6lZGKWwmfReGqtm86JusUtX2HnAY/jSo9IDvCM5DJm','Rudi Hartono','pengurus','active','2026-05-17 02:01:05','2026-05-17 02:01:05'),(113,'sari','sariwulandari@gmail.com','$2b$10$KG0WooBlKkD6lZGKWwmfReGqtm86JusUtX2HnAY/jSo9IDvCM5DJm','Sari Wulandari','pengurus','active','2026-05-17 02:01:05','2026-05-17 02:01:05'),(114,'teguh','teguhprasetyo@gmail.com','$2b$10$KG0WooBlKkD6lZGKWwmfReGqtm86JusUtX2HnAY/jSo9IDvCM5DJm','Teguh Prasetyo','pengurus','active','2026-05-17 02:01:06','2026-05-17 02:01:06'),(115,'ulfa','ulfanuraini@gmail.com','$2b$10$KG0WooBlKkD6lZGKWwmfReGqtm86JusUtX2HnAY/jSo9IDvCM5DJm','Ulfa Nuraini','pengurus','active','2026-05-17 02:01:06','2026-05-17 02:01:06'),(116,'vicky','vickyfirmansyah@gmail.com','$2b$10$KG0WooBlKkD6lZGKWwmfReGqtm86JusUtX2HnAY/jSo9IDvCM5DJm','Vicky Firmansyah','pengurus','active','2026-05-17 02:01:06','2026-05-17 02:01:06'),(117,'winda','windaoktaviani@gmail.com','$2b$10$KG0WooBlKkD6lZGKWwmfReGqtm86JusUtX2HnAY/jSo9IDvCM5DJm','Winda Oktaviani','pengurus','active','2026-05-17 02:01:06','2026-05-17 02:01:06'),(118,'yanto','yantosaputra@gmail.com','$2b$10$KG0WooBlKkD6lZGKWwmfReGqtm86JusUtX2HnAY/jSo9IDvCM5DJm','Yanto Saputra','pengurus','active','2026-05-17 02:01:06','2026-05-17 02:01:06'),(119,'zahra','zahraaulia@gmail.com','$2b$10$KG0WooBlKkD6lZGKWwmfReGqtm86JusUtX2HnAY/jSo9IDvCM5DJm','Zahra Aulia','pengurus','active','2026-05-17 02:01:07','2026-05-17 02:01:07'),(120,'ahmad','ahmadfauzi@gmail.com','$2b$10$KG0WooBlKkD6lZGKWwmfReGqtm86JusUtX2HnAY/jSo9IDvCM5DJm','Ahmad Fauzi','pengurus','active','2026-05-17 02:01:07','2026-05-17 02:01:07'),(121,'bunga','bungacahyani@gmail.com','$2b$10$KG0WooBlKkD6lZGKWwmfReGqtm86JusUtX2HnAY/jSo9IDvCM5DJm','Bunga Cahyani','pengurus','active','2026-05-17 02:01:07','2026-05-17 02:01:07'),(122,'candr','candragunawan@gmail.com','$2b$10$KG0WooBlKkD6lZGKWwmfReGqtm86JusUtX2HnAY/jSo9IDvCM5DJm','Candra Gunawan','pengurus','active','2026-05-17 02:01:07','2026-05-17 02:01:07'),(123,'dian','dianpertiwi@gmail.com','$2b$10$KG0WooBlKkD6lZGKWwmfReGqtm86JusUtX2HnAY/jSo9IDvCM5DJm','Dian Pertiwi','pengurus','active','2026-05-17 02:01:07','2026-05-17 02:01:07'),(124,'evi','evisusanti@gmail.com','$2b$10$KG0WooBlKkD6lZGKWwmfReGqtm86JusUtX2HnAY/jSo9IDvCM5DJm','Evi Susanti','pengurus','active','2026-05-17 02:01:08','2026-05-17 02:01:08'),(125,'farha','farhanhakim@gmail.com','$2b$10$KG0WooBlKkD6lZGKWwmfReGqtm86JusUtX2HnAY/jSo9IDvCM5DJm','Farhan Hakim','pengurus','active','2026-05-17 02:01:08','2026-05-17 02:01:08'),(126,'guntu','gunturprabowo@gmail.com','$2b$10$KG0WooBlKkD6lZGKWwmfReGqtm86JusUtX2HnAY/jSo9IDvCM5DJm','Guntur Prabowo','pengurus','active','2026-05-17 02:01:08','2026-05-17 02:01:08'),(127,'hana','hanamaharani@gmail.com','$2b$10$KG0WooBlKkD6lZGKWwmfReGqtm86JusUtX2HnAY/jSo9IDvCM5DJm','Hana Maharani','pengurus','active','2026-05-17 02:01:08','2026-05-17 02:01:08'),(128,'irfan','irfanmaulana@gmail.com','$2b$10$KG0WooBlKkD6lZGKWwmfReGqtm86JusUtX2HnAY/jSo9IDvCM5DJm','Irfan Maulana','pengurus','active','2026-05-17 02:01:08','2026-05-17 02:01:08'),(129,'jelit','jelitaanggraini@gmail.com','$2b$10$KG0WooBlKkD6lZGKWwmfReGqtm86JusUtX2HnAY/jSo9IDvCM5DJm','Jelita Anggraini','pengurus','active','2026-05-17 02:01:08','2026-05-17 02:01:08'),(130,'kurni','kurniawansaputra@gmail.com','$2b$10$KG0WooBlKkD6lZGKWwmfReGqtm86JusUtX2HnAY/jSo9IDvCM5DJm','Kurniawan Saputra','pengurus','active','2026-05-17 02:01:09','2026-05-17 02:01:09'),(131,'lina','linamarlina@gmail.com','$2b$10$KG0WooBlKkD6lZGKWwmfReGqtm86JusUtX2HnAY/jSo9IDvCM5DJm','Lina Marlina','pengurus','active','2026-05-17 02:01:09','2026-05-17 02:01:09'),(132,'miko','mikopratama@gmail.com','$2b$10$KG0WooBlKkD6lZGKWwmfReGqtm86JusUtX2HnAY/jSo9IDvCM5DJm','Miko Pratama','pengurus','active','2026-05-17 02:01:09','2026-05-17 02:01:09'),(133,'nur','nuraisyah@gmail.com','$2b$10$KG0WooBlKkD6lZGKWwmfReGqtm86JusUtX2HnAY/jSo9IDvCM5DJm','Nur Aisyah','pengurus','active','2026-05-17 02:01:09','2026-05-17 02:01:09'),(134,'oka','okasetiawan@gmail.com','$2b$10$KG0WooBlKkD6lZGKWwmfReGqtm86JusUtX2HnAY/jSo9IDvCM5DJm','Oka Setiawan','pengurus','active','2026-05-17 02:01:09','2026-05-17 02:01:09'),(135,'putra','putrawijaya@gmail.com','$2b$10$KG0WooBlKkD6lZGKWwmfReGqtm86JusUtX2HnAY/jSo9IDvCM5DJm','Putra Wijaya','pengurus','active','2026-05-17 02:01:09','2026-05-17 02:01:09'),(136,'rina','rinafebriani@gmail.com','$2b$10$KG0WooBlKkD6lZGKWwmfReGqtm86JusUtX2HnAY/jSo9IDvCM5DJm','Rina Febriani','pengurus','active','2026-05-17 02:01:10','2026-05-17 02:01:10'),(137,'sandi','sandinugroho@gmail.com','$2b$10$KG0WooBlKkD6lZGKWwmfReGqtm86JusUtX2HnAY/jSo9IDvCM5DJm','Sandi Nugroho','pengurus','active','2026-05-17 02:01:10','2026-05-17 02:01:10'),(138,'tiara','tiaralestari@gmail.com','$2b$10$KG0WooBlKkD6lZGKWwmfReGqtm86JusUtX2HnAY/jSo9IDvCM5DJm','Tiara Lestari','pengurus','active','2026-05-17 02:01:10','2026-05-17 02:01:10'),(139,'usman','usmanhidayat@gmail.com','$2b$10$KG0WooBlKkD6lZGKWwmfReGqtm86JusUtX2HnAY/jSo9IDvCM5DJm','Usman Hidayat','pengurus','active','2026-05-17 02:01:10','2026-05-17 02:01:10'),(140,'vivi','viviandriani@gmail.com','$2b$10$KG0WooBlKkD6lZGKWwmfReGqtm86JusUtX2HnAY/jSo9IDvCM5DJm','Vivi Andriani','pengurus','active','2026-05-17 02:01:10','2026-05-17 02:01:10'),(141,'wawan','wawankurniawan@gmail.com','$2b$10$KG0WooBlKkD6lZGKWwmfReGqtm86JusUtX2HnAY/jSo9IDvCM5DJm','Wawan Kurniawan','pengurus','active','2026-05-17 02:01:11','2026-05-17 02:01:11'),(142,'yeni','yenirahmawati@gmail.com','$2b$10$KG0WooBlKkD6lZGKWwmfReGqtm86JusUtX2HnAY/jSo9IDvCM5DJm','Yeni Rahmawati','pengurus','active','2026-05-17 02:01:11','2026-05-17 02:01:11'),(143,'zulfi','zulfikarali@gmail.com','$2b$10$KG0WooBlKkD6lZGKWwmfReGqtm86JusUtX2HnAY/jSo9IDvCM5DJm','Zulfikar Ali','pengurus','active','2026-05-17 02:01:11','2026-05-17 02:01:11'),(144,'aldi','aldisaputra@gmail.com','$2b$10$KG0WooBlKkD6lZGKWwmfReGqtm86JusUtX2HnAY/jSo9IDvCM5DJm','Aldi Saputra','pengurus','active','2026-05-17 02:01:11','2026-05-17 02:01:11'),(145,'bilqi','bilqisazzahra@gmail.com','$2b$10$KG0WooBlKkD6lZGKWwmfReGqtm86JusUtX2HnAY/jSo9IDvCM5DJm','Bilqis Azzahra','pengurus','active','2026-05-17 02:01:11','2026-05-17 02:01:11'),(146,'cici','ciciparamita@gmail.com','$2b$10$KG0WooBlKkD6lZGKWwmfReGqtm86JusUtX2HnAY/jSo9IDvCM5DJm','Cici Paramita','pengurus','active','2026-05-17 02:01:11','2026-05-17 02:01:11'),(147,'dimas','dimasramadhan@gmail.com','$2b$10$KG0WooBlKkD6lZGKWwmfReGqtm86JusUtX2HnAY/jSo9IDvCM5DJm','Dimas Ramadhan','pengurus','active','2026-05-17 02:01:12','2026-05-17 02:01:12'),(148,'elsa','elsaoktaviani@gmail.com','$2b$10$KG0WooBlKkD6lZGKWwmfReGqtm86JusUtX2HnAY/jSo9IDvCM5DJm','Elsa Oktaviani','pengurus','active','2026-05-17 02:01:12','2026-05-17 02:01:12'),(149,'fikri','fikriananda@gmail.com','$2b$10$KG0WooBlKkD6lZGKWwmfReGqtm86JusUtX2HnAY/jSo9IDvCM5DJm','Fikri Ananda','pengurus','active','2026-05-17 02:01:12','2026-05-17 02:01:12'),(150,'galih','galihpratama@gmail.com','$2b$10$KG0WooBlKkD6lZGKWwmfReGqtm86JusUtX2HnAY/jSo9IDvCM5DJm','Galih Pratama','pengurus','active','2026-05-17 02:01:12','2026-05-17 02:01:12'),(151,'hani','hanifitriani@gmail.com','$2b$10$KG0WooBlKkD6lZGKWwmfReGqtm86JusUtX2HnAY/jSo9IDvCM5DJm','Hani Fitriani','pengurus','active','2026-05-17 02:01:12','2026-05-17 02:01:12'),(152,'ilham','ilhamfauzan@gmail.com','$2b$10$KG0WooBlKkD6lZGKWwmfReGqtm86JusUtX2HnAY/jSo9IDvCM5DJm','Ilham Fauzan','pengurus','active','2026-05-17 02:01:12','2026-05-17 02:01:12'),(153,'jihan','jihansafira@gmail.com','$2b$10$KG0WooBlKkD6lZGKWwmfReGqtm86JusUtX2HnAY/jSo9IDvCM5DJm','Jihan Safira','pengurus','active','2026-05-17 02:01:13','2026-05-17 02:01:13'),(154,'kevin','kevinmaulana@gmail.com','$2b$10$KG0WooBlKkD6lZGKWwmfReGqtm86JusUtX2HnAY/jSo9IDvCM5DJm','Kevin Maulana','pengurus','active','2026-05-17 02:01:13','2026-05-17 02:01:13'),(155,'laila','lailanuraini@gmail.com','$2b$10$KG0WooBlKkD6lZGKWwmfReGqtm86JusUtX2HnAY/jSo9IDvCM5DJm','Laila Nuraini','pengurus','active','2026-05-17 02:01:13','2026-05-17 02:01:13'),(156,'malik','malikibrahim@gmail.com','$2b$10$KG0WooBlKkD6lZGKWwmfReGqtm86JusUtX2HnAY/jSo9IDvCM5DJm','Malik Ibrahim','pengurus','active','2026-05-17 02:01:13','2026-05-17 02:01:13'),(157,'nadia','nadiaputri@gmail.com','$2b$10$KG0WooBlKkD6lZGKWwmfReGqtm86JusUtX2HnAY/jSo9IDvCM5DJm','Nadia Putri','pengurus','active','2026-05-17 02:01:13','2026-05-17 02:01:13'),(158,'opik','opikhidayat@gmail.com','$2b$10$KG0WooBlKkD6lZGKWwmfReGqtm86JusUtX2HnAY/jSo9IDvCM5DJm','Opik Hidayat','pengurus','active','2026-05-17 02:01:13','2026-05-17 02:01:13'),(159,'prita','pritamaharani@gmail.com','$2b$10$KG0WooBlKkD6lZGKWwmfReGqtm86JusUtX2HnAY/jSo9IDvCM5DJm','Prita Maharani','pengurus','active','2026-05-17 02:01:14','2026-05-17 02:01:14'),(160,'raka','rakafirmansyah@gmail.com','$2b$10$KG0WooBlKkD6lZGKWwmfReGqtm86JusUtX2HnAY/jSo9IDvCM5DJm','Raka Firmansyah','pengurus','active','2026-05-17 02:01:14','2026-05-17 02:01:14'),(161,'selvi','selviamalia@gmail.com','$2b$10$KG0WooBlKkD6lZGKWwmfReGqtm86JusUtX2HnAY/jSo9IDvCM5DJm','Selvi Amalia','pengurus','active','2026-05-17 02:01:14','2026-05-17 02:01:14'),(162,'tio','tionugraha@gmail.com','$2b$10$KG0WooBlKkD6lZGKWwmfReGqtm86JusUtX2HnAY/jSo9IDvCM5DJm','Tio Nugraha','pengurus','active','2026-05-17 02:01:14','2026-05-17 02:01:14'),(163,'ujang','ujangsuryana@gmail.com','$2b$10$KG0WooBlKkD6lZGKWwmfReGqtm86JusUtX2HnAY/jSo9IDvCM5DJm','Ujang Suryana','pengurus','active','2026-05-17 02:01:14','2026-05-17 02:01:14'),(164,'viona','vionalestari@gmail.com','$2b$10$KG0WooBlKkD6lZGKWwmfReGqtm86JusUtX2HnAY/jSo9IDvCM5DJm','Viona Lestari','pengurus','active','2026-05-17 02:01:15','2026-05-17 02:01:15'),(165,'wulan','wulansari@gmail.com','$2b$10$KG0WooBlKkD6lZGKWwmfReGqtm86JusUtX2HnAY/jSo9IDvCM5DJm','Wulan Sari','pengurus','active','2026-05-17 02:01:15','2026-05-17 02:01:15'),(166,'yoga','yogapratama@gmail.com','$2b$10$KG0WooBlKkD6lZGKWwmfReGqtm86JusUtX2HnAY/jSo9IDvCM5DJm','Yoga Pratama','pengurus','active','2026-05-17 02:01:15','2026-05-17 02:01:15'),(167,'zahid','zahidramadhan@gmail.com','$2b$10$KG0WooBlKkD6lZGKWwmfReGqtm86JusUtX2HnAY/jSo9IDvCM5DJm','Zahid Ramadhan','pengurus','active','2026-05-17 02:01:15','2026-05-17 02:01:15'),(168,'anita','anitadewi@gmail.com','$2b$10$KG0WooBlKkD6lZGKWwmfReGqtm86JusUtX2HnAY/jSo9IDvCM5DJm','Anita Dewi','pengurus','active','2026-05-17 02:01:15','2026-05-17 02:01:15'),(169,'bayu','bayusaputra@gmail.com','$2b$10$KG0WooBlKkD6lZGKWwmfReGqtm86JusUtX2HnAY/jSo9IDvCM5DJm','Bayu Saputra','pengurus','active','2026-05-17 02:01:15','2026-05-17 02:01:15'),(170,'clara','claraanggraini@gmail.com','$2b$10$KG0WooBlKkD6lZGKWwmfReGqtm86JusUtX2HnAY/jSo9IDvCM5DJm','Clara Anggraini','pengurus','active','2026-05-17 02:01:16','2026-05-17 02:01:16'),(174,'dosen','dosen@sukadalem.id','$2b$10$q5NTGTq7LeJqS78w9Bmh7.5SmelUdniU7bJhj1WvEKcNop5RVlDg6','Dosen Penguji','admin','active','2026-05-20 14:05:19','2026-05-20 14:05:19'),(175,'tester','test@gmail.com','$2b$10$7pI7y7jvRN9Wdm9f9eU5k.uzE3Jw6Ar7o7znN5KgY8aVTTKWGn/ES','tester','operator','active','2026-05-20 23:32:30','2026-05-20 23:32:50'),(176,'operator','operator@test.com','$2b$10$3jJOLcO24jwDEge.MW1jIO1tOeKgEug.vByMlAHJF0EBbKU9YGTei','Operator','operator','active','2026-05-31 03:43:32','2026-05-31 03:43:32'),(177,'auditor','auditor@test.com','$2b$10$.OHIyLUGP9dzd.Z6SCBFGO3GUqmaIjCnZMCA8V1nU9RwPFrBruToO','auditor','auditor','active','2026-05-31 03:51:51','2026-06-07 10:06:34'),(178,'pengurus','pengurus@test.com','$2b$10$nYp1I6QHoDYj6GVt4a4i.O5VJqL4aVBRDXxJvPc/mjJhPGIxRV.we','pengurus','pengurus','active','2026-05-31 04:01:28','2026-05-31 04:01:28');
/*!40000 ALTER TABLE `users` ENABLE KEYS */;
UNLOCK TABLES;

--
-- Final view structure for view `laporan_bulanan`
--

/*!50001 DROP VIEW IF EXISTS `laporan_bulanan`*/;
/*!50001 SET @saved_cs_client          = @@character_set_client */;
/*!50001 SET @saved_cs_results         = @@character_set_results */;
/*!50001 SET @saved_col_connection     = @@collation_connection */;
/*!50001 SET character_set_client      = utf8mb4 */;
/*!50001 SET character_set_results     = utf8mb4 */;
/*!50001 SET collation_connection      = utf8mb4_unicode_ci */;
/*!50001 CREATE ALGORITHM=UNDEFINED */
/*!50013 DEFINER=`root`@`localhost` SQL SECURITY DEFINER */
/*!50001 VIEW `laporan_bulanan` AS select year(`t`.`tanggal_transaksi`) AS `tahun`,month(`t`.`tanggal_transaksi`) AS `bulan`,count(distinct `t`.`id`) AS `total_transaksi`,sum(`dt`.`subtotal`) AS `total_pendapatan`,`uu`.`nama_unit` AS `nama_usaha`,`uu`.`id` AS `unit_usaha_id` from (((`transaksi` `t` join `detail_transaksi` `dt` on((`t`.`id` = `dt`.`transaksi_id`))) join `barang` `b` on((`dt`.`barang_id` = `b`.`id`))) join `unit_usaha` `uu` on((`b`.`unit_usaha_id` = `uu`.`id`))) where (`t`.`status` = 'selesai') group by year(`t`.`tanggal_transaksi`),month(`t`.`tanggal_transaksi`),`uu`.`id`,`uu`.`nama_unit` order by `tahun` desc,`bulan` desc,`uu`.`nama_unit` */;
/*!50001 SET character_set_client      = @saved_cs_client */;
/*!50001 SET character_set_results     = @saved_cs_results */;
/*!50001 SET collation_connection      = @saved_col_connection */;

--
-- Final view structure for view `laporan_harian`
--

/*!50001 DROP VIEW IF EXISTS `laporan_harian`*/;
/*!50001 SET @saved_cs_client          = @@character_set_client */;
/*!50001 SET @saved_cs_results         = @@character_set_results */;
/*!50001 SET @saved_col_connection     = @@collation_connection */;
/*!50001 SET character_set_client      = utf8mb4 */;
/*!50001 SET character_set_results     = utf8mb4 */;
/*!50001 SET collation_connection      = utf8mb4_unicode_ci */;
/*!50001 CREATE ALGORITHM=UNDEFINED */
/*!50013 DEFINER=`root`@`localhost` SQL SECURITY DEFINER */
/*!50001 VIEW `laporan_harian` AS select cast(`t`.`tanggal_transaksi` as date) AS `tanggal`,count(distinct `t`.`id`) AS `total_transaksi`,sum(`dt`.`subtotal`) AS `total_pendapatan`,`uu`.`nama_unit` AS `nama_usaha`,`uu`.`id` AS `unit_usaha_id` from (((`transaksi` `t` join `detail_transaksi` `dt` on((`t`.`id` = `dt`.`transaksi_id`))) join `barang` `b` on((`dt`.`barang_id` = `b`.`id`))) join `unit_usaha` `uu` on((`b`.`unit_usaha_id` = `uu`.`id`))) where (`t`.`status` = 'selesai') group by cast(`t`.`tanggal_transaksi` as date),`uu`.`id`,`uu`.`nama_unit` order by `tanggal` desc,`uu`.`nama_unit` */;
/*!50001 SET character_set_client      = @saved_cs_client */;
/*!50001 SET character_set_results     = @saved_cs_results */;
/*!50001 SET collation_connection      = @saved_col_connection */;
/*!40103 SET TIME_ZONE=@OLD_TIME_ZONE */;

/*!40101 SET SQL_MODE=@OLD_SQL_MODE */;
/*!40014 SET FOREIGN_KEY_CHECKS=@OLD_FOREIGN_KEY_CHECKS */;
/*!40014 SET UNIQUE_CHECKS=@OLD_UNIQUE_CHECKS */;
/*!40101 SET CHARACTER_SET_CLIENT=@OLD_CHARACTER_SET_CLIENT */;
/*!40101 SET CHARACTER_SET_RESULTS=@OLD_CHARACTER_SET_RESULTS */;
/*!40101 SET COLLATION_CONNECTION=@OLD_COLLATION_CONNECTION */;
/*!40111 SET SQL_NOTES=@OLD_SQL_NOTES */;

-- Dump completed on 2026-07-08 20:37:56
